File Name,Path,Split,Class,Height,Width,Channels,Dtype,Layout,Resolution,Total Pixels,File Size (MB),Aspect Ratio
Health_hyper_1.tif,D:\GitHub\AI-for-Agriculture-2026\dataset\train\MS\Health_hyper_1.tif,train,Health,64,64,5,uint16,HWC,64x64,4096,0.039,1.0
Health_hyper_10.tif,D:\GitHub\AI-for-Agriculture-2026\dataset\train\MS\Health_hyper_10.tif,train,Health,64,64,5,uint16,HWC,64x64,4096,0.039,1.0
Health_hyper_100.tif,D:\GitHub\AI-for-Agriculture-2026\dataset\train\MS\Health_hyper_100.tif,train,Health,64,64,5,uint16,HWC,64x64,4096,0.039,1.0
Health_hyper_101.tif,D:\GitHub\AI-for-Agriculture-2026\dataset\train\MS\Health_hyper_101.tif,train,Health,64,64,5,uint16,HWC,64x64,4096,0.039,1.0
Health_hyper_102.tif,D:\GitHub\AI-for-Agriculture-2026\dataset\train\MS\Health_hyper_102.tif,train,Health,64,64,5,uint16,HWC,64x64,4096,0.039,1.0
Health_hyper_103.tif,D:\GitHub\AI-for-Agriculture-2026\dataset\train\MS\Health_hyper_103.tif,train,Health,64,64,5,uint16,HWC,64x64,4096,0.039,1.0
Health_hyper_104.tif,D:\GitHub\AI-for-Agriculture-2026\dataset\train\MS\Health_hyper_104.tif,train,Health,64,64,5,uint16,HWC,64x64,4096,0.039,1.0
Health_hyper_105.tif,D:\GitHub\AI-for-Agriculture-2026\dataset\train\MS\Health_hyper_105.tif,train,Health,64,64,5,uint16,HWC,64x64,4096,0.039,1.0
Health_hyper_106.tif,D:\GitHub\AI-for-Agriculture-2026\dataset\train\MS\Health_hyper_106.tif,train,Health,64,64,5,uint16,HWC,64x64,4096,0.039,1.0
Health_hyper_107.tif,D:\GitHub\AI-for-Agriculture-2026\dataset\train\MS\Health_hyper_107.tif,train,Health,64,64,5,uint16,HWC,64x64,4096,0.039,1.0
Health_hyper_108.tif,D:\GitHub\AI-for-Agriculture-2026\dataset\train\MS\Health_hyper_108.tif,train,Health,64,64,5,uint16,HWC,64x64,4096,0.039,1.0
Health_hyper_109.tif,D:\GitHub\AI-for-Agriculture-2026\dataset\train\MS\Health_hyper_109.tif,train,Health,64,64,5,uint16,HWC,64x64,4096,0.039,1.0
Health_hyper_11.tif,D:\GitHub\AI-for-Agriculture-2026\dataset\train\MS\Health_hyper_11.tif,train,Health,64,64,5,uint16,HWC,64x64,4096,0.039,1.0
Health_hyper_110.tif,D:\GitHub\AI-for-Agriculture-2026\dataset\train\MS\Health_hyper_110.tif,train,Health,64,64,5,uint16,HWC,64x64,4096,0.039,1.0
Health_hyper_111.tif,D:\GitHub\AI-for-Agriculture-2026\dataset\train\MS\Health_hyper_111.tif,train,Health,64,64,5,uint16,HWC,64x64,4096,0.039,1.0
Health_hyper_112.tif,D:\GitHub\AI-for-Agriculture-2026\dataset\train\MS\Health_hyper_112.tif,train,Health,64,64,5,uint16,HWC,64x64,4096,0.039,1.0
Health_hyper_113.tif,D:\GitHub\AI-for-Agriculture-2026\dataset\train\MS\Health_hyper_113.tif,train,Health,64,64,5,uint16,HWC,64x64,4096,0.039,1.0
Health_hyper_114.tif,D:\GitHub\AI-for-Agriculture-2026\dataset\train\MS\Health_hyper_114.tif,train,Health,64,64,5,uint16,HWC,64x64,4096,0.039,1.0
Health_hyper_115.tif,D:\GitHub\AI-for-Agriculture-2026\dataset\train\MS\Health_hyper_115.tif,train,Health,64,64,5,uint16,HWC,64x64,4096,0.039,1.0
Health_hyper_116.tif,D:\GitHub\AI-for-Agriculture-2026\dataset\train\MS\Health_hyper_116.tif,train,Health,64,64,5,uint16,HWC,64x64,4096,0.039,1.0
Health_hyper_117.tif,D:\GitHub\AI-for-Agriculture-2026\dataset\train\MS\Health_hyper_117.tif,train,Health,64,64,5,uint16,HWC,64x64,4096,0.039,1.0
Health_hyper_118.tif,D:\GitHub\AI-for-Agriculture-2026\dataset\train\MS\Health_hyper_118.tif,train,Health,64,64,5,uint16,HWC,64x64,4096,0.039,1.0
Health_hyper_119.tif,D:\GitHub\AI-for-Agriculture-2026\dataset\train\MS\Health_hyper_119.tif,train,Health,64,64,5,uint16,HWC,64x64,4096,0.039,1.0
Health_hyper_120.tif,D:\GitHub\AI-for-Agriculture-2026\dataset\train\MS\Health_hyper_120.tif,train,Health,64,64,5,uint16,HWC,64x64,4096,0.039,1.0
Health_hyper_121.tif,D:\GitHub\AI-for-Agriculture-2026\dataset\train\MS\Health_hyper_121.tif,train,Health,64,64,5,uint16,HWC,64x64,4096,0.039,1.0
Health_hyper_122.tif,D:\GitHub\AI-for-Agriculture-2026\dataset\train\MS\Health_hyper_122.tif,train,Health,64,64,5,uint16,HWC,64x64,4096,0.039,1.0
Health_hyper_123.tif,D:\GitHub\AI-for-Agriculture-2026\dataset\train\MS\Health_hyper_123.tif,train,Health,64,64,5,uint16,HWC,64x64,4096,0.039,1.0
Health_hyper_124.tif,D:\GitHub\AI-for-Agriculture-2026\dataset\train\MS\Health_hyper_124.tif,train,Health,64,64,5,uint16,HWC,64x64,4096,0.039,1.0
Health_hyper_125.tif,D:\GitHub\AI-for-Agriculture-2026\dataset\train\MS\Health_hyper_125.tif,train,Health,64,64,5,uint16,HWC,64x64,4096,0.039,1.0
Health_hyper_126.tif,D:\GitHub\AI-for-Agriculture-2026\dataset\train\MS\Health_hyper_126.tif,train,Health,64,64,5,uint16,HWC,64x64,4096,0.039,1.0
Health_hyper_127.tif,D:\GitHub\AI-for-Agriculture-2026\dataset\train\MS\Health_hyper_127.tif,train,Health,64,64,5,uint16,HWC,64x64,4096,0.039,1.0
Health_hyper_128.tif,D:\GitHub\AI-for-Agriculture-2026\dataset\train\MS\Health_hyper_128.tif,train,Health,64,64,5,uint16,HWC,64x64,4096,0.039,1.0
Health_hyper_129.tif,D:\GitHub\AI-for-Agriculture-2026\dataset\train\MS\Health_hyper_129.tif,train,Health,64,64,5,uint16,HWC,64x64,4096,0.039,1.0
Health_hyper_13.tif,D:\GitHub\AI-for-Agriculture-2026\dataset\train\MS\Health_hyper_13.tif,train,Health,64,64,5,uint16,HWC,64x64,4096,0.039,1.0
Health_hyper_130.tif,D:\GitHub\AI-for-Agriculture-2026\dataset\train\MS\Health_hyper_130.tif,train,Health,64,64,5,uint16,HWC,64x64,4096,0.039,1.0
Health_hyper_131.tif,D:\GitHub\AI-for-Agriculture-2026\dataset\train\MS\Health_hyper_131.tif,train,Health,64,64,5,uint16,HWC,64x64,4096,0.039,1.0
Health_hyper_132.tif,D:\GitHub\AI-for-Agriculture-2026\dataset\train\MS\Health_hyper_132.tif,train,Health,64,64,5,uint16,HWC,64x64,4096,0.039,1.0
Health_hyper_133.tif,D:\GitHub\AI-for-Agriculture-2026\dataset\train\MS\Health_hyper_133.tif,train,Health,64,64,5,uint16,HWC,64x64,4096,0.039,1.0
Health_hyper_134.tif,D:\GitHub\AI-for-Agriculture-2026\dataset\train\MS\Health_hyper_134.tif,train,Health,64,64,5,uint16,HWC,64x64,4096,0.039,1.0
Health_hyper_135.tif,D:\GitHub\AI-for-Agriculture-2026\dataset\train\MS\Health_hyper_135.tif,train,Health,64,64,5,uint16,HWC,64x64,4096,0.039,1.0
Health_hyper_136.tif,D:\GitHub\AI-for-Agriculture-2026\dataset\train\MS\Health_hyper_136.tif,train,Health,64,64,5,uint16,HWC,64x64,4096,0.039,1.0
Health_hyper_137.tif,D:\GitHub\AI-for-Agriculture-2026\dataset\train\MS\Health_hyper_137.tif,train,Health,64,64,5,uint16,HWC,64x64,4096,0.039,1.0
Health_hyper_138.tif,D:\GitHub\AI-for-Agriculture-2026\dataset\train\MS\Health_hyper_138.tif,train,Health,64,64,5,uint16,HWC,64x64,4096,0.039,1.0
Health_hyper_139.tif,D:\GitHub\AI-for-Agriculture-2026\dataset\train\MS\Health_hyper_139.tif,train,Health,64,64,5,uint16,HWC,64x64,4096,0.039,1.0
Health_hyper_14.tif,D:\GitHub\AI-for-Agriculture-2026\dataset\train\MS\Health_hyper_14.tif,train,Health,64,64,5,uint16,HWC,64x64,4096,0.039,1.0
Health_hyper_140.tif,D:\GitHub\AI-for-Agriculture-2026\dataset\train\MS\Health_hyper_140.tif,train,Health,64,64,5,uint16,HWC,64x64,4096,0.039,1.0
Health_hyper_141.tif,D:\GitHub\AI-for-Agriculture-2026\dataset\train\MS\Health_hyper_141.tif,train,Health,64,64,5,uint16,HWC,64x64,4096,0.039,1.0
Health_hyper_142.tif,D:\GitHub\AI-for-Agriculture-2026\dataset\train\MS\Health_hyper_142.tif,train,Health,64,64,5,uint16,HWC,64x64,4096,0.039,1.0
Health_hyper_143.tif,D:\GitHub\AI-for-Agriculture-2026\dataset\train\MS\Health_hyper_143.tif,train,Health,64,64,5,uint16,HWC,64x64,4096,0.039,1.0
Health_hyper_144.tif,D:\GitHub\AI-for-Agriculture-2026\dataset\train\MS\Health_hyper_144.tif,train,Health,64,64,5,uint16,HWC,64x64,4096,0.039,1.0
Health_hyper_145.tif,D:\GitHub\AI-for-Agriculture-2026\dataset\train\MS\Health_hyper_145.tif,train,Health,64,64,5,uint16,HWC,64x64,4096,0.039,1.0
Health_hyper_146.tif,D:\GitHub\AI-for-Agriculture-2026\dataset\train\MS\Health_hyper_146.tif,train,Health,64,64,5,uint16,HWC,64x64,4096,0.039,1.0
Health_hyper_147.tif,D:\GitHub\AI-for-Agriculture-2026\dataset\train\MS\Health_hyper_147.tif,train,Health,64,64,5,uint16,HWC,64x64,4096,0.039,1.0
Health_hyper_148.tif,D:\GitHub\AI-for-Agriculture-2026\dataset\train\MS\Health_hyper_148.tif,train,Health,64,64,5,uint16,HWC,64x64,4096,0.039,1.0
Health_hyper_149.tif,D:\GitHub\AI-for-Agriculture-2026\dataset\train\MS\Health_hyper_149.tif,train,Health,64,64,5,uint16,HWC,64x64,4096,0.039,1.0
Health_hyper_15.tif,D:\GitHub\AI-for-Agriculture-2026\dataset\train\MS\Health_hyper_15.tif,train,Health,64,64,5,uint16,HWC,64x64,4096,0.039,1.0
Health_hyper_150.tif,D:\GitHub\AI-for-Agriculture-2026\dataset\train\MS\Health_hyper_150.tif,train,Health,64,64,5,uint16,HWC,64x64,4096,0.039,1.0
Health_hyper_151.tif,D:\GitHub\AI-for-Agriculture-2026\dataset\train\MS\Health_hyper_151.tif,train,Health,64,64,5,uint16,HWC,64x64,4096,0.039,1.0
Health_hyper_152.tif,D:\GitHub\AI-for-Agriculture-2026\dataset\train\MS\Health_hyper_152.tif,train,Health,64,64,5,uint16,HWC,64x64,4096,0.039,1.0
Health_hyper_154.tif,D:\GitHub\AI-for-Agriculture-2026\dataset\train\MS\Health_hyper_154.tif,train,Health,64,64,5,uint16,HWC,64x64,4096,0.039,1.0
Health_hyper_155.tif,D:\GitHub\AI-for-Agriculture-2026\dataset\train\MS\Health_hyper_155.tif,train,Health,64,64,5,uint16,HWC,64x64,4096,0.039,1.0
Health_hyper_156.tif,D:\GitHub\AI-for-Agriculture-2026\dataset\train\MS\Health_hyper_156.tif,train,Health,64,64,5,uint16,HWC,64x64,4096,0.039,1.0
Health_hyper_157.tif,D:\GitHub\AI-for-Agriculture-2026\dataset\train\MS\Health_hyper_157.tif,train,Health,64,64,5,uint16,HWC,64x64,4096,0.039,1.0
Health_hyper_158.tif,D:\GitHub\AI-for-Agriculture-2026\dataset\train\MS\Health_hyper_158.tif,train,Health,64,64,5,uint16,HWC,64x64,4096,0.039,1.0
Health_hyper_159.tif,D:\GitHub\AI-for-Agriculture-2026\dataset\train\MS\Health_hyper_159.tif,train,Health,64,64,5,uint16,HWC,64x64,4096,0.039,1.0
Health_hyper_16.tif,D:\GitHub\AI-for-Agriculture-2026\dataset\train\MS\Health_hyper_16.tif,train,Health,64,64,5,uint16,HWC,64x64,4096,0.039,1.0
Health_hyper_160.tif,D:\GitHub\AI-for-Agriculture-2026\dataset\train\MS\Health_hyper_160.tif,train,Health,64,64,5,uint16,HWC,64x64,4096,0.039,1.0
Health_hyper_161.tif,D:\GitHub\AI-for-Agriculture-2026\dataset\train\MS\Health_hyper_161.tif,train,Health,64,64,5,uint16,HWC,64x64,4096,0.039,1.0
Health_hyper_162.tif,D:\GitHub\AI-for-Agriculture-2026\dataset\train\MS\Health_hyper_162.tif,train,Health,64,64,5,uint16,HWC,64x64,4096,0.039,1.0
Health_hyper_163.tif,D:\GitHub\AI-for-Agriculture-2026\dataset\train\MS\Health_hyper_163.tif,train,Health,64,64,5,uint16,HWC,64x64,4096,0.039,1.0
Health_hyper_164.tif,D:\GitHub\AI-for-Agriculture-2026\dataset\train\MS\Health_hyper_164.tif,train,Health,64,64,5,uint16,HWC,64x64,4096,0.039,1.0
Health_hyper_165.tif,D:\GitHub\AI-for-Agriculture-2026\dataset\train\MS\Health_hyper_165.tif,train,Health,64,64,5,uint16,HWC,64x64,4096,0.039,1.0
Health_hyper_166.tif,D:\GitHub\AI-for-Agriculture-2026\dataset\train\MS\Health_hyper_166.tif,train,Health,64,64,5,uint16,HWC,64x64,4096,0.039,1.0
Health_hyper_168.tif,D:\GitHub\AI-for-Agriculture-2026\dataset\train\MS\Health_hyper_168.tif,train,Health,64,64,5,uint16,HWC,64x64,4096,0.039,1.0
Health_hyper_169.tif,D:\GitHub\AI-for-Agriculture-2026\dataset\train\MS\Health_hyper_169.tif,train,Health,64,64,5,uint16,HWC,64x64,4096,0.039,1.0
Health_hyper_17.tif,D:\GitHub\AI-for-Agriculture-2026\dataset\train\MS\Health_hyper_17.tif,train,Health,64,64,5,uint16,HWC,64x64,4096,0.039,1.0
Health_hyper_170.tif,D:\GitHub\AI-for-Agriculture-2026\dataset\train\MS\Health_hyper_170.tif,train,Health,64,64,5,uint16,HWC,64x64,4096,0.039,1.0
Health_hyper_171.tif,D:\GitHub\AI-for-Agriculture-2026\dataset\train\MS\Health_hyper_171.tif,train,Health,64,64,5,uint16,HWC,64x64,4096,0.039,1.0
Health_hyper_172.tif,D:\GitHub\AI-for-Agriculture-2026\dataset\train\MS\Health_hyper_172.tif,train,Health,64,64,5,uint16,HWC,64x64,4096,0.039,1.0
Health_hyper_173.tif,D:\GitHub\AI-for-Agriculture-2026\dataset\train\MS\Health_hyper_173.tif,train,Health,64,64,5,uint16,HWC,64x64,4096,0.039,1.0
Health_hyper_174.tif,D:\GitHub\AI-for-Agriculture-2026\dataset\train\MS\Health_hyper_174.tif,train,Health,64,64,5,uint16,HWC,64x64,4096,0.039,1.0
Health_hyper_175.tif,D:\GitHub\AI-for-Agriculture-2026\dataset\train\MS\Health_hyper_175.tif,train,Health,64,64,5,uint16,HWC,64x64,4096,0.039,1.0
Health_hyper_176.tif,D:\GitHub\AI-for-Agriculture-2026\dataset\train\MS\Health_hyper_176.tif,train,Health,64,64,5,uint16,HWC,64x64,4096,0.039,1.0
Health_hyper_177.tif,D:\GitHub\AI-for-Agriculture-2026\dataset\train\MS\Health_hyper_177.tif,train,Health,64,64,5,uint16,HWC,64x64,4096,0.039,1.0
Health_hyper_178.tif,D:\GitHub\AI-for-Agriculture-2026\dataset\train\MS\Health_hyper_178.tif,train,Health,64,64,5,uint16,HWC,64x64,4096,0.039,1.0
Health_hyper_179.tif,D:\GitHub\AI-for-Agriculture-2026\dataset\train\MS\Health_hyper_179.tif,train,Health,64,64,5,uint16,HWC,64x64,4096,0.039,1.0
Health_hyper_18.tif,D:\GitHub\AI-for-Agriculture-2026\dataset\train\MS\Health_hyper_18.tif,train,Health,64,64,5,uint16,HWC,64x64,4096,0.039,1.0
Health_hyper_180.tif,D:\GitHub\AI-for-Agriculture-2026\dataset\train\MS\Health_hyper_180.tif,train,Health,64,64,5,uint16,HWC,64x64,4096,0.039,1.0
Health_hyper_181.tif,D:\GitHub\AI-for-Agriculture-2026\dataset\train\MS\Health_hyper_181.tif,train,Health,64,64,5,uint16,HWC,64x64,4096,0.039,1.0
Health_hyper_182.tif,D:\GitHub\AI-for-Agriculture-2026\dataset\train\MS\Health_hyper_182.tif,train,Health,64,64,5,uint16,HWC,64x64,4096,0.039,1.0
Health_hyper_183.tif,D:\GitHub\AI-for-Agriculture-2026\dataset\train\MS\Health_hyper_183.tif,train,Health,64,64,5,uint16,HWC,64x64,4096,0.039,1.0
Health_hyper_184.tif,D:\GitHub\AI-for-Agriculture-2026\dataset\train\MS\Health_hyper_184.tif,train,Health,64,64,5,uint16,HWC,64x64,4096,0.039,1.0
Health_hyper_185.tif,D:\GitHub\AI-for-Agriculture-2026\dataset\train\MS\Health_hyper_185.tif,train,Health,64,64,5,uint16,HWC,64x64,4096,0.039,1.0
Health_hyper_186.tif,D:\GitHub\AI-for-Agriculture-2026\dataset\train\MS\Health_hyper_186.tif,train,Health,64,64,5,uint16,HWC,64x64,4096,0.039,1.0
Health_hyper_187.tif,D:\GitHub\AI-for-Agriculture-2026\dataset\train\MS\Health_hyper_187.tif,train,Health,64,64,5,uint16,HWC,64x64,4096,0.039,1.0
Health_hyper_188.tif,D:\GitHub\AI-for-Agriculture-2026\dataset\train\MS\Health_hyper_188.tif,train,Health,64,64,5,uint16,HWC,64x64,4096,0.039,1.0
Health_hyper_189.tif,D:\GitHub\AI-for-Agriculture-2026\dataset\train\MS\Health_hyper_189.tif,train,Health,64,64,5,uint16,HWC,64x64,4096,0.039,1.0
Health_hyper_19.tif,D:\GitHub\AI-for-Agriculture-2026\dataset\train\MS\Health_hyper_19.tif,train,Health,64,64,5,uint16,HWC,64x64,4096,0.039,1.0
Health_hyper_190.tif,D:\GitHub\AI-for-Agriculture-2026\dataset\train\MS\Health_hyper_190.tif,train,Health,64,64,5,uint16,HWC,64x64,4096,0.039,1.0
Health_hyper_191.tif,D:\GitHub\AI-for-Agriculture-2026\dataset\train\MS\Health_hyper_191.tif,train,Health,64,64,5,uint16,HWC,64x64,4096,0.039,1.0
Health_hyper_192.tif,D:\GitHub\AI-for-Agriculture-2026\dataset\train\MS\Health_hyper_192.tif,train,Health,64,64,5,uint16,HWC,64x64,4096,0.039,1.0
Health_hyper_193.tif,D:\GitHub\AI-for-Agriculture-2026\dataset\train\MS\Health_hyper_193.tif,train,Health,64,64,5,uint16,HWC,64x64,4096,0.039,1.0
Health_hyper_194.tif,D:\GitHub\AI-for-Agriculture-2026\dataset\train\MS\Health_hyper_194.tif,train,Health,64,64,5,uint16,HWC,64x64,4096,0.039,1.0
Health_hyper_195.tif,D:\GitHub\AI-for-Agriculture-2026\dataset\train\MS\Health_hyper_195.tif,train,Health,64,64,5,uint16,HWC,64x64,4096,0.039,1.0
Health_hyper_196.tif,D:\GitHub\AI-for-Agriculture-2026\dataset\train\MS\Health_hyper_196.tif,train,Health,64,64,5,uint16,HWC,64x64,4096,0.039,1.0
Health_hyper_197.tif,D:\GitHub\AI-for-Agriculture-2026\dataset\train\MS\Health_hyper_197.tif,train,Health,64,64,5,uint16,HWC,64x64,4096,0.039,1.0
Health_hyper_198.tif,D:\GitHub\AI-for-Agriculture-2026\dataset\train\MS\Health_hyper_198.tif,train,Health,64,64,5,uint16,HWC,64x64,4096,0.039,1.0
Health_hyper_199.tif,D:\GitHub\AI-for-Agriculture-2026\dataset\train\MS\Health_hyper_199.tif,train,Health,64,64,5,uint16,HWC,64x64,4096,0.039,1.0
Health_hyper_2.tif,D:\GitHub\AI-for-Agriculture-2026\dataset\train\MS\Health_hyper_2.tif,train,Health,64,64,5,uint16,HWC,64x64,4096,0.039,1.0
Health_hyper_20.tif,D:\GitHub\AI-for-Agriculture-2026\dataset\train\MS\Health_hyper_20.tif,train,Health,64,64,5,uint16,HWC,64x64,4096,0.039,1.0
Health_hyper_200.tif,D:\GitHub\AI-for-Agriculture-2026\dataset\train\MS\Health_hyper_200.tif,train,Health,64,64,5,uint16,HWC,64x64,4096,0.039,1.0
Health_hyper_21.tif,D:\GitHub\AI-for-Agriculture-2026\dataset\train\MS\Health_hyper_21.tif,train,Health,64,64,5,uint16,HWC,64x64,4096,0.039,1.0
Health_hyper_22.tif,D:\GitHub\AI-for-Agriculture-2026\dataset\train\MS\Health_hyper_22.tif,train,Health,64,64,5,uint16,HWC,64x64,4096,0.039,1.0
Health_hyper_24.tif,D:\GitHub\AI-for-Agriculture-2026\dataset\train\MS\Health_hyper_24.tif,train,Health,64,64,5,uint16,HWC,64x64,4096,0.039,1.0
Health_hyper_25.tif,D:\GitHub\AI-for-Agriculture-2026\dataset\train\MS\Health_hyper_25.tif,train,Health,64,64,5,uint16,HWC,64x64,4096,0.039,1.0
Health_hyper_27.tif,D:\GitHub\AI-for-Agriculture-2026\dataset\train\MS\Health_hyper_27.tif,train,Health,64,64,5,uint16,HWC,64x64,4096,0.039,1.0
Health_hyper_28.tif,D:\GitHub\AI-for-Agriculture-2026\dataset\train\MS\Health_hyper_28.tif,train,Health,64,64,5,uint16,HWC,64x64,4096,0.039,1.0
Health_hyper_29.tif,D:\GitHub\AI-for-Agriculture-2026\dataset\train\MS\Health_hyper_29.tif,train,Health,64,64,5,uint16,HWC,64x64,4096,0.039,1.0
Health_hyper_3.tif,D:\GitHub\AI-for-Agriculture-2026\dataset\train\MS\Health_hyper_3.tif,train,Health,64,64,5,uint16,HWC,64x64,4096,0.039,1.0
Health_hyper_30.tif,D:\GitHub\AI-for-Agriculture-2026\dataset\train\MS\Health_hyper_30.tif,train,Health,64,64,5,uint16,HWC,64x64,4096,0.039,1.0
Health_hyper_31.tif,D:\GitHub\AI-for-Agriculture-2026\dataset\train\MS\Health_hyper_31.tif,train,Health,64,64,5,uint16,HWC,64x64,4096,0.039,1.0
Health_hyper_32.tif,D:\GitHub\AI-for-Agriculture-2026\dataset\train\MS\Health_hyper_32.tif,train,Health,64,64,5,uint16,HWC,64x64,4096,0.039,1.0
Health_hyper_33.tif,D:\GitHub\AI-for-Agriculture-2026\dataset\train\MS\Health_hyper_33.tif,train,Health,64,64,5,uint16,HWC,64x64,4096,0.039,1.0
Health_hyper_35.tif,D:\GitHub\AI-for-Agriculture-2026\dataset\train\MS\Health_hyper_35.tif,train,Health,64,64,5,uint16,HWC,64x64,4096,0.039,1.0
Health_hyper_36.tif,D:\GitHub\AI-for-Agriculture-2026\dataset\train\MS\Health_hyper_36.tif,train,Health,64,64,5,uint16,HWC,64x64,4096,0.039,1.0
Health_hyper_37.tif,D:\GitHub\AI-for-Agriculture-2026\dataset\train\MS\Health_hyper_37.tif,train,Health,64,64,5,uint16,HWC,64x64,4096,0.039,1.0
Health_hyper_39.tif,D:\GitHub\AI-for-Agriculture-2026\dataset\train\MS\Health_hyper_39.tif,train,Health,64,64,5,uint16,HWC,64x64,4096,0.039,1.0
Health_hyper_4.tif,D:\GitHub\AI-for-Agriculture-2026\dataset\train\MS\Health_hyper_4.tif,train,Health,64,64,5,uint16,HWC,64x64,4096,0.039,1.0
Health_hyper_40.tif,D:\GitHub\AI-for-Agriculture-2026\dataset\train\MS\Health_hyper_40.tif,train,Health,64,64,5,uint16,HWC,64x64,4096,0.039,1.0
Health_hyper_41.tif,D:\GitHub\AI-for-Agriculture-2026\dataset\train\MS\Health_hyper_41.tif,train,Health,64,64,5,uint16,HWC,64x64,4096,0.039,1.0
Health_hyper_42.tif,D:\GitHub\AI-for-Agriculture-2026\dataset\train\MS\Health_hyper_42.tif,train,Health,64,64,5,uint16,HWC,64x64,4096,0.039,1.0
Health_hyper_43.tif,D:\GitHub\AI-for-Agriculture-2026\dataset\train\MS\Health_hyper_43.tif,train,Health,64,64,5,uint16,HWC,64x64,4096,0.039,1.0
Health_hyper_44.tif,D:\GitHub\AI-for-Agriculture-2026\dataset\train\MS\Health_hyper_44.tif,train,Health,64,64,5,uint16,HWC,64x64,4096,0.039,1.0
Health_hyper_45.tif,D:\GitHub\AI-for-Agriculture-2026\dataset\train\MS\Health_hyper_45.tif,train,Health,64,64,5,uint16,HWC,64x64,4096,0.039,1.0
Health_hyper_46.tif,D:\GitHub\AI-for-Agriculture-2026\dataset\train\MS\Health_hyper_46.tif,train,Health,64,64,5,uint16,HWC,64x64,4096,0.039,1.0
Health_hyper_47.tif,D:\GitHub\AI-for-Agriculture-2026\dataset\train\MS\Health_hyper_47.tif,train,Health,64,64,5,uint16,HWC,64x64,4096,0.039,1.0
Health_hyper_48.tif,D:\GitHub\AI-for-Agriculture-2026\dataset\train\MS\Health_hyper_48.tif,train,Health,64,64,5,uint16,HWC,64x64,4096,0.039,1.0
Health_hyper_49.tif,D:\GitHub\AI-for-Agriculture-2026\dataset\train\MS\Health_hyper_49.tif,train,Health,64,64,5,uint16,HWC,64x64,4096,0.039,1.0
Health_hyper_5.tif,D:\GitHub\AI-for-Agriculture-2026\dataset\train\MS\Health_hyper_5.tif,train,Health,64,64,5,uint16,HWC,64x64,4096,0.039,1.0
Health_hyper_50.tif,D:\GitHub\AI-for-Agriculture-2026\dataset\train\MS\Health_hyper_50.tif,train,Health,64,64,5,uint16,HWC,64x64,4096,0.039,1.0
Health_hyper_51.tif,D:\GitHub\AI-for-Agriculture-2026\dataset\train\MS\Health_hyper_51.tif,train,Health,64,64,5,uint16,HWC,64x64,4096,0.039,1.0
Health_hyper_52.tif,D:\GitHub\AI-for-Agriculture-2026\dataset\train\MS\Health_hyper_52.tif,train,Health,64,64,5,uint16,HWC,64x64,4096,0.039,1.0
Health_hyper_53.tif,D:\GitHub\AI-for-Agriculture-2026\dataset\train\MS\Health_hyper_53.tif,train,Health,64,64,5,uint16,HWC,64x64,4096,0.039,1.0
Health_hyper_54.tif,D:\GitHub\AI-for-Agriculture-2026\dataset\train\MS\Health_hyper_54.tif,train,Health,64,64,5,uint16,HWC,64x64,4096,0.039,1.0
Health_hyper_55.tif,D:\GitHub\AI-for-Agriculture-2026\dataset\train\MS\Health_hyper_55.tif,train,Health,64,64,5,uint16,HWC,64x64,4096,0.039,1.0
Health_hyper_56.tif,D:\GitHub\AI-for-Agriculture-2026\dataset\train\MS\Health_hyper_56.tif,train,Health,64,64,5,uint16,HWC,64x64,4096,0.039,1.0
Health_hyper_57.tif,D:\GitHub\AI-for-Agriculture-2026\dataset\train\MS\Health_hyper_57.tif,train,Health,64,64,5,uint16,HWC,64x64,4096,0.039,1.0
Health_hyper_58.tif,D:\GitHub\AI-for-Agriculture-2026\dataset\train\MS\Health_hyper_58.tif,train,Health,64,64,5,uint16,HWC,64x64,4096,0.039,1.0
Health_hyper_59.tif,D:\GitHub\AI-for-Agriculture-2026\dataset\train\MS\Health_hyper_59.tif,train,Health,64,64,5,uint16,HWC,64x64,4096,0.039,1.0
Health_hyper_6.tif,D:\GitHub\AI-for-Agriculture-2026\dataset\train\MS\Health_hyper_6.tif,train,Health,64,64,5,uint16,HWC,64x64,4096,0.039,1.0
Health_hyper_60.tif,D:\GitHub\AI-for-Agriculture-2026\dataset\train\MS\Health_hyper_60.tif,train,Health,64,64,5,uint16,HWC,64x64,4096,0.039,1.0
Health_hyper_61.tif,D:\GitHub\AI-for-Agriculture-2026\dataset\train\MS\Health_hyper_61.tif,train,Health,64,64,5,uint16,HWC,64x64,4096,0.039,1.0
Health_hyper_62.tif,D:\GitHub\AI-for-Agriculture-2026\dataset\train\MS\Health_hyper_62.tif,train,Health,64,64,5,uint16,HWC,64x64,4096,0.039,1.0
Health_hyper_63.tif,D:\GitHub\AI-for-Agriculture-2026\dataset\train\MS\Health_hyper_63.tif,train,Health,64,64,5,uint16,HWC,64x64,4096,0.039,1.0
Health_hyper_64.tif,D:\GitHub\AI-for-Agriculture-2026\dataset\train\MS\Health_hyper_64.tif,train,Health,64,64,5,uint16,HWC,64x64,4096,0.039,1.0
Health_hyper_65.tif,D:\GitHub\AI-for-Agriculture-2026\dataset\train\MS\Health_hyper_65.tif,train,Health,64,64,5,uint16,HWC,64x64,4096,0.039,1.0
Health_hyper_66.tif,D:\GitHub\AI-for-Agriculture-2026\dataset\train\MS\Health_hyper_66.tif,train,Health,64,64,5,uint16,HWC,64x64,4096,0.039,1.0
Health_hyper_68.tif,D:\GitHub\AI-for-Agriculture-2026\dataset\train\MS\Health_hyper_68.tif,train,Health,64,64,5,uint16,HWC,64x64,4096,0.039,1.0
Health_hyper_69.tif,D:\GitHub\AI-for-Agriculture-2026\dataset\train\MS\Health_hyper_69.tif,train,Health,64,64,5,uint16,HWC,64x64,4096,0.039,1.0
Health_hyper_7.tif,D:\GitHub\AI-for-Agriculture-2026\dataset\train\MS\Health_hyper_7.tif,train,Health,64,64,5,uint16,HWC,64x64,4096,0.039,1.0
Health_hyper_70.tif,D:\GitHub\AI-for-Agriculture-2026\dataset\train\MS\Health_hyper_70.tif,train,Health,64,64,5,uint16,HWC,64x64,4096,0.039,1.0
Health_hyper_71.tif,D:\GitHub\AI-for-Agriculture-2026\dataset\train\MS\Health_hyper_71.tif,train,Health,64,64,5,uint16,HWC,64x64,4096,0.039,1.0
Health_hyper_72.tif,D:\GitHub\AI-for-Agriculture-2026\dataset\train\MS\Health_hyper_72.tif,train,Health,64,64,5,uint16,HWC,64x64,4096,0.039,1.0
Health_hyper_73.tif,D:\GitHub\AI-for-Agriculture-2026\dataset\train\MS\Health_hyper_73.tif,train,Health,64,64,5,uint16,HWC,64x64,4096,0.039,1.0
Health_hyper_74.tif,D:\GitHub\AI-for-Agriculture-2026\dataset\train\MS\Health_hyper_74.tif,train,Health,64,64,5,uint16,HWC,64x64,4096,0.039,1.0
Health_hyper_75.tif,D:\GitHub\AI-for-Agriculture-2026\dataset\train\MS\Health_hyper_75.tif,train,Health,64,64,5,uint16,HWC,64x64,4096,0.039,1.0
Health_hyper_77.tif,D:\GitHub\AI-for-Agriculture-2026\dataset\train\MS\Health_hyper_77.tif,train,Health,64,64,5,uint16,HWC,64x64,4096,0.039,1.0
Health_hyper_78.tif,D:\GitHub\AI-for-Agriculture-2026\dataset\train\MS\Health_hyper_78.tif,train,Health,64,64,5,uint16,HWC,64x64,4096,0.039,1.0
Health_hyper_79.tif,D:\GitHub\AI-for-Agriculture-2026\dataset\train\MS\Health_hyper_79.tif,train,Health,64,64,5,uint16,HWC,64x64,4096,0.039,1.0
Health_hyper_8.tif,D:\GitHub\AI-for-Agriculture-2026\dataset\train\MS\Health_hyper_8.tif,train,Health,64,64,5,uint16,HWC,64x64,4096,0.039,1.0
Health_hyper_80.tif,D:\GitHub\AI-for-Agriculture-2026\dataset\train\MS\Health_hyper_80.tif,train,Health,64,64,5,uint16,HWC,64x64,4096,0.039,1.0
Health_hyper_81.tif,D:\GitHub\AI-for-Agriculture-2026\dataset\train\MS\Health_hyper_81.tif,train,Health,64,64,5,uint16,HWC,64x64,4096,0.039,1.0
Health_hyper_82.tif,D:\GitHub\AI-for-Agriculture-2026\dataset\train\MS\Health_hyper_82.tif,train,Health,64,64,5,uint16,HWC,64x64,4096,0.039,1.0
Health_hyper_83.tif,D:\GitHub\AI-for-Agriculture-2026\dataset\train\MS\Health_hyper_83.tif,train,Health,64,64,5,uint16,HWC,64x64,4096,0.039,1.0
Health_hyper_84.tif,D:\GitHub\AI-for-Agriculture-2026\dataset\train\MS\Health_hyper_84.tif,train,Health,64,64,5,uint16,HWC,64x64,4096,0.039,1.0
Health_hyper_85.tif,D:\GitHub\AI-for-Agriculture-2026\dataset\train\MS\Health_hyper_85.tif,train,Health,64,64,5,uint16,HWC,64x64,4096,0.039,1.0
Health_hyper_86.tif,D:\GitHub\AI-for-Agriculture-2026\dataset\train\MS\Health_hyper_86.tif,train,Health,64,64,5,uint16,HWC,64x64,4096,0.039,1.0
Health_hyper_87.tif,D:\GitHub\AI-for-Agriculture-2026\dataset\train\MS\Health_hyper_87.tif,train,Health,64,64,5,uint16,HWC,64x64,4096,0.039,1.0
Health_hyper_88.tif,D:\GitHub\AI-for-Agriculture-2026\dataset\train\MS\Health_hyper_88.tif,train,Health,64,64,5,uint16,HWC,64x64,4096,0.039,1.0
Health_hyper_89.tif,D:\GitHub\AI-for-Agriculture-2026\dataset\train\MS\Health_hyper_89.tif,train,Health,64,64,5,uint16,HWC,64x64,4096,0.039,1.0
Health_hyper_9.tif,D:\GitHub\AI-for-Agriculture-2026\dataset\train\MS\Health_hyper_9.tif,train,Health,64,64,5,uint16,HWC,64x64,4096,0.039,1.0
Health_hyper_90.tif,D:\GitHub\AI-for-Agriculture-2026\dataset\train\MS\Health_hyper_90.tif,train,Health,64,64,5,uint16,HWC,64x64,4096,0.039,1.0
Health_hyper_91.tif,D:\GitHub\AI-for-Agriculture-2026\dataset\train\MS\Health_hyper_91.tif,train,Health,64,64,5,uint16,HWC,64x64,4096,0.039,1.0
Health_hyper_92.tif,D:\GitHub\AI-for-Agriculture-2026\dataset\train\MS\Health_hyper_92.tif,train,Health,64,64,5,uint16,HWC,64x64,4096,0.039,1.0
Health_hyper_93.tif,D:\GitHub\AI-for-Agriculture-2026\dataset\train\MS\Health_hyper_93.tif,train,Health,64,64,5,uint16,HWC,64x64,4096,0.039,1.0
Health_hyper_94.tif,D:\GitHub\AI-for-Agriculture-2026\dataset\train\MS\Health_hyper_94.tif,train,Health,64,64,5,uint16,HWC,64x64,4096,0.039,1.0
Health_hyper_95.tif,D:\GitHub\AI-for-Agriculture-2026\dataset\train\MS\Health_hyper_95.tif,train,Health,64,64,5,uint16,HWC,64x64,4096,0.039,1.0
Health_hyper_96.tif,D:\GitHub\AI-for-Agriculture-2026\dataset\train\MS\Health_hyper_96.tif,train,Health,64,64,5,uint16,HWC,64x64,4096,0.039,1.0
Health_hyper_97.tif,D:\GitHub\AI-for-Agriculture-2026\dataset\train\MS\Health_hyper_97.tif,train,Health,64,64,5,uint16,HWC,64x64,4096,0.039,1.0
Health_hyper_98.tif,D:\GitHub\AI-for-Agriculture-2026\dataset\train\MS\Health_hyper_98.tif,train,Health,64,64,5,uint16,HWC,64x64,4096,0.039,1.0
Health_hyper_99.tif,D:\GitHub\AI-for-Agriculture-2026\dataset\train\MS\Health_hyper_99.tif,train,Health,64,64,5,uint16,HWC,64x64,4096,0.039,1.0
Other_hyper_1.tif,D:\GitHub\AI-for-Agriculture-2026\dataset\train\MS\Other_hyper_1.tif,train,Other,64,64,5,uint16,HWC,64x64,4096,0.039,1.0
Other_hyper_10.tif,D:\GitHub\AI-for-Agriculture-2026\dataset\train\MS\Other_hyper_10.tif,train,Other,64,64,5,uint16,HWC,64x64,4096,0.039,1.0
Other_hyper_100.tif,D:\GitHub\AI-for-Agriculture-2026\dataset\train\MS\Other_hyper_100.tif,train,Other,64,64,5,uint16,HWC,64x64,4096,0.039,1.0
Other_hyper_101.tif,D:\GitHub\AI-for-Agriculture-2026\dataset\train\MS\Other_hyper_101.tif,train,Other,64,64,5,uint16,HWC,64x64,4096,0.039,1.0
Other_hyper_103.tif,D:\GitHub\AI-for-Agriculture-2026\dataset\train\MS\Other_hyper_103.tif,train,Other,64,64,5,uint16,HWC,64x64,4096,0.039,1.0
Other_hyper_104.tif,D:\GitHub\AI-for-Agriculture-2026\dataset\train\MS\Other_hyper_104.tif,train,Other,64,64,5,uint16,HWC,64x64,4096,0.039,1.0
Other_hyper_105.tif,D:\GitHub\AI-for-Agriculture-2026\dataset\train\MS\Other_hyper_105.tif,train,Other,64,64,5,uint16,HWC,64x64,4096,0.039,1.0
Other_hyper_106.tif,D:\GitHub\AI-for-Agriculture-2026\dataset\train\MS\Other_hyper_106.tif,train,Other,64,64,5,uint16,HWC,64x64,4096,0.039,1.0
Other_hyper_107.tif,D:\GitHub\AI-for-Agriculture-2026\dataset\train\MS\Other_hyper_107.tif,train,Other,64,64,5,uint16,HWC,64x64,4096,0.039,1.0
Other_hyper_108.tif,D:\GitHub\AI-for-Agriculture-2026\dataset\train\MS\Other_hyper_108.tif,train,Other,64,64,5,uint16,HWC,64x64,4096,0.039,1.0
Other_hyper_109.tif,D:\GitHub\AI-for-Agriculture-2026\dataset\train\MS\Other_hyper_109.tif,train,Other,64,64,5,uint16,HWC,64x64,4096,0.039,1.0
Other_hyper_11.tif,D:\GitHub\AI-for-Agriculture-2026\dataset\train\MS\Other_hyper_11.tif,train,Other,64,64,5,uint16,HWC,64x64,4096,0.039,1.0
Other_hyper_110.tif,D:\GitHub\AI-for-Agriculture-2026\dataset\train\MS\Other_hyper_110.tif,train,Other,64,64,5,uint16,HWC,64x64,4096,0.039,1.0
Other_hyper_111.tif,D:\GitHub\AI-for-Agriculture-2026\dataset\train\MS\Other_hyper_111.tif,train,Other,64,64,5,uint16,HWC,64x64,4096,0.039,1.0
Other_hyper_112.tif,D:\GitHub\AI-for-Agriculture-2026\dataset\train\MS\Other_hyper_112.tif,train,Other,64,64,5,uint16,HWC,64x64,4096,0.039,1.0
Other_hyper_114.tif,D:\GitHub\AI-for-Agriculture-2026\dataset\train\MS\Other_hyper_114.tif,train,Other,64,64,5,uint16,HWC,64x64,4096,0.039,1.0
Other_hyper_115.tif,D:\GitHub\AI-for-Agriculture-2026\dataset\train\MS\Other_hyper_115.tif,train,Other,64,64,5,uint16,HWC,64x64,4096,0.039,1.0
Other_hyper_116.tif,D:\GitHub\AI-for-Agriculture-2026\dataset\train\MS\Other_hyper_116.tif,train,Other,64,64,5,uint16,HWC,64x64,4096,0.039,1.0
Other_hyper_117.tif,D:\GitHub\AI-for-Agriculture-2026\dataset\train\MS\Other_hyper_117.tif,train,Other,64,64,5,uint16,HWC,64x64,4096,0.039,1.0
Other_hyper_118.tif,D:\GitHub\AI-for-Agriculture-2026\dataset\train\MS\Other_hyper_118.tif,train,Other,64,64,5,uint16,HWC,64x64,4096,0.039,1.0
Other_hyper_119.tif,D:\GitHub\AI-for-Agriculture-2026\dataset\train\MS\Other_hyper_119.tif,train,Other,64,64,5,uint16,HWC,64x64,4096,0.039,1.0
Other_hyper_12.tif,D:\GitHub\AI-for-Agriculture-2026\dataset\train\MS\Other_hyper_12.tif,train,Other,64,64,5,uint16,HWC,64x64,4096,0.039,1.0
Other_hyper_120.tif,D:\GitHub\AI-for-Agriculture-2026\dataset\train\MS\Other_hyper_120.tif,train,Other,64,64,5,uint16,HWC,64x64,4096,0.039,1.0
Other_hyper_123.tif,D:\GitHub\AI-for-Agriculture-2026\dataset\train\MS\Other_hyper_123.tif,train,Other,64,64,5,uint16,HWC,64x64,4096,0.039,1.0
Other_hyper_124.tif,D:\GitHub\AI-for-Agriculture-2026\dataset\train\MS\Other_hyper_124.tif,train,Other,64,64,5,uint16,HWC,64x64,4096,0.039,1.0
Other_hyper_125.tif,D:\GitHub\AI-for-Agriculture-2026\dataset\train\MS\Other_hyper_125.tif,train,Other,64,64,5,uint16,HWC,64x64,4096,0.039,1.0
Other_hyper_126.tif,D:\GitHub\AI-for-Agriculture-2026\dataset\train\MS\Other_hyper_126.tif,train,Other,64,64,5,uint16,HWC,64x64,4096,0.039,1.0
Other_hyper_127.tif,D:\GitHub\AI-for-Agriculture-2026\dataset\train\MS\Other_hyper_127.tif,train,Other,64,64,5,uint16,HWC,64x64,4096,0.039,1.0
Other_hyper_128.tif,D:\GitHub\AI-for-Agriculture-2026\dataset\train\MS\Other_hyper_128.tif,train,Other,64,64,5,uint16,HWC,64x64,4096,0.039,1.0
Other_hyper_129.tif,D:\GitHub\AI-for-Agriculture-2026\dataset\train\MS\Other_hyper_129.tif,train,Other,64,64,5,uint16,HWC,64x64,4096,0.039,1.0
Other_hyper_13.tif,D:\GitHub\AI-for-Agriculture-2026\dataset\train\MS\Other_hyper_13.tif,train,Other,64,64,5,uint16,HWC,64x64,4096,0.039,1.0
Other_hyper_130.tif,D:\GitHub\AI-for-Agriculture-2026\dataset\train\MS\Other_hyper_130.tif,train,Other,64,64,5,uint16,HWC,64x64,4096,0.039,1.0
Other_hyper_131.tif,D:\GitHub\AI-for-Agriculture-2026\dataset\train\MS\Other_hyper_131.tif,train,Other,64,64,5,uint16,HWC,64x64,4096,0.039,1.0
Other_hyper_132.tif,D:\GitHub\AI-for-Agriculture-2026\dataset\train\MS\Other_hyper_132.tif,train,Other,64,64,5,uint16,HWC,64x64,4096,0.039,1.0
Other_hyper_133.tif,D:\GitHub\AI-for-Agriculture-2026\dataset\train\MS\Other_hyper_133.tif,train,Other,64,64,5,uint16,HWC,64x64,4096,0.039,1.0
Other_hyper_134.tif,D:\GitHub\AI-for-Agriculture-2026\dataset\train\MS\Other_hyper_134.tif,train,Other,64,64,5,uint16,HWC,64x64,4096,0.039,1.0
Other_hyper_135.tif,D:\GitHub\AI-for-Agriculture-2026\dataset\train\MS\Other_hyper_135.tif,train,Other,64,64,5,uint16,HWC,64x64,4096,0.039,1.0
Other_hyper_136.tif,D:\GitHub\AI-for-Agriculture-2026\dataset\train\MS\Other_hyper_136.tif,train,Other,64,64,5,uint16,HWC,64x64,4096,0.039,1.0
Other_hyper_137.tif,D:\GitHub\AI-for-Agriculture-2026\dataset\train\MS\Other_hyper_137.tif,train,Other,64,64,5,uint16,HWC,64x64,4096,0.039,1.0
Other_hyper_138.tif,D:\GitHub\AI-for-Agriculture-2026\dataset\train\MS\Other_hyper_138.tif,train,Other,64,64,5,uint16,HWC,64x64,4096,0.039,1.0
Other_hyper_139.tif,D:\GitHub\AI-for-Agriculture-2026\dataset\train\MS\Other_hyper_139.tif,train,Other,64,64,5,uint16,HWC,64x64,4096,0.039,1.0
Other_hyper_14.tif,D:\GitHub\AI-for-Agriculture-2026\dataset\train\MS\Other_hyper_14.tif,train,Other,64,64,5,uint16,HWC,64x64,4096,0.039,1.0
Other_hyper_140.tif,D:\GitHub\AI-for-Agriculture-2026\dataset\train\MS\Other_hyper_140.tif,train,Other,64,64,5,uint16,HWC,64x64,4096,0.039,1.0
Other_hyper_141.tif,D:\GitHub\AI-for-Agriculture-2026\dataset\train\MS\Other_hyper_141.tif,train,Other,64,64,5,uint16,HWC,64x64,4096,0.039,1.0
Other_hyper_142.tif,D:\GitHub\AI-for-Agriculture-2026\dataset\train\MS\Other_hyper_142.tif,train,Other,64,64,5,uint16,HWC,64x64,4096,0.039,1.0
Other_hyper_143.tif,D:\GitHub\AI-for-Agriculture-2026\dataset\train\MS\Other_hyper_143.tif,train,Other,64,64,5,uint16,HWC,64x64,4096,0.039,1.0
Other_hyper_144.tif,D:\GitHub\AI-for-Agriculture-2026\dataset\train\MS\Other_hyper_144.tif,train,Other,64,64,5,uint16,HWC,64x64,4096,0.039,1.0
Other_hyper_145.tif,D:\GitHub\AI-for-Agriculture-2026\dataset\train\MS\Other_hyper_145.tif,train,Other,64,64,5,uint16,HWC,64x64,4096,0.039,1.0
Other_hyper_146.tif,D:\GitHub\AI-for-Agriculture-2026\dataset\train\MS\Other_hyper_146.tif,train,Other,64,64,5,uint16,HWC,64x64,4096,0.039,1.0
Other_hyper_147.tif,D:\GitHub\AI-for-Agriculture-2026\dataset\train\MS\Other_hyper_147.tif,train,Other,64,64,5,uint16,HWC,64x64,4096,0.039,1.0
Other_hyper_148.tif,D:\GitHub\AI-for-Agriculture-2026\dataset\train\MS\Other_hyper_148.tif,train,Other,64,64,5,uint16,HWC,64x64,4096,0.039,1.0
Other_hyper_15.tif,D:\GitHub\AI-for-Agriculture-2026\dataset\train\MS\Other_hyper_15.tif,train,Other,64,64,5,uint16,HWC,64x64,4096,0.039,1.0
Other_hyper_150.tif,D:\GitHub\AI-for-Agriculture-2026\dataset\train\MS\Other_hyper_150.tif,train,Other,64,64,5,uint16,HWC,64x64,4096,0.039,1.0
Other_hyper_151.tif,D:\GitHub\AI-for-Agriculture-2026\dataset\train\MS\Other_hyper_151.tif,train,Other,64,64,5,uint16,HWC,64x64,4096,0.039,1.0
Other_hyper_152.tif,D:\GitHub\AI-for-Agriculture-2026\dataset\train\MS\Other_hyper_152.tif,train,Other,64,64,5,uint16,HWC,64x64,4096,0.039,1.0
Other_hyper_153.tif,D:\GitHub\AI-for-Agriculture-2026\dataset\train\MS\Other_hyper_153.tif,train,Other,64,64,5,uint16,HWC,64x64,4096,0.039,1.0
Other_hyper_154.tif,D:\GitHub\AI-for-Agriculture-2026\dataset\train\MS\Other_hyper_154.tif,train,Other,64,64,5,uint16,HWC,64x64,4096,0.039,1.0
Other_hyper_156.tif,D:\GitHub\AI-for-Agriculture-2026\dataset\train\MS\Other_hyper_156.tif,train,Other,64,64,5,uint16,HWC,64x64,4096,0.039,1.0
Other_hyper_157.tif,D:\GitHub\AI-for-Agriculture-2026\dataset\train\MS\Other_hyper_157.tif,train,Other,64,64,5,uint16,HWC,64x64,4096,0.039,1.0
Other_hyper_158.tif,D:\GitHub\AI-for-Agriculture-2026\dataset\train\MS\Other_hyper_158.tif,train,Other,64,64,5,uint16,HWC,64x64,4096,0.039,1.0
Other_hyper_159.tif,D:\GitHub\AI-for-Agriculture-2026\dataset\train\MS\Other_hyper_159.tif,train,Other,64,64,5,uint16,HWC,64x64,4096,0.039,1.0
Other_hyper_16.tif,D:\GitHub\AI-for-Agriculture-2026\dataset\train\MS\Other_hyper_16.tif,train,Other,64,64,5,uint16,HWC,64x64,4096,0.039,1.0
Other_hyper_161.tif,D:\GitHub\AI-for-Agriculture-2026\dataset\train\MS\Other_hyper_161.tif,train,Other,64,64,5,uint16,HWC,64x64,4096,0.039,1.0
Other_hyper_162.tif,D:\GitHub\AI-for-Agriculture-2026\dataset\train\MS\Other_hyper_162.tif,train,Other,64,64,5,uint16,HWC,64x64,4096,0.039,1.0
Other_hyper_164.tif,D:\GitHub\AI-for-Agriculture-2026\dataset\train\MS\Other_hyper_164.tif,train,Other,64,64,5,uint16,HWC,64x64,4096,0.039,1.0
Other_hyper_165.tif,D:\GitHub\AI-for-Agriculture-2026\dataset\train\MS\Other_hyper_165.tif,train,Other,64,64,5,uint16,HWC,64x64,4096,0.039,1.0
Other_hyper_166.tif,D:\GitHub\AI-for-Agriculture-2026\dataset\train\MS\Other_hyper_166.tif,train,Other,64,64,5,uint16,HWC,64x64,4096,0.039,1.0
Other_hyper_167.tif,D:\GitHub\AI-for-Agriculture-2026\dataset\train\MS\Other_hyper_167.tif,train,Other,64,64,5,uint16,HWC,64x64,4096,0.039,1.0
Other_hyper_168.tif,D:\GitHub\AI-for-Agriculture-2026\dataset\train\MS\Other_hyper_168.tif,train,Other,64,64,5,uint16,HWC,64x64,4096,0.039,1.0
Other_hyper_169.tif,D:\GitHub\AI-for-Agriculture-2026\dataset\train\MS\Other_hyper_169.tif,train,Other,64,64,5,uint16,HWC,64x64,4096,0.039,1.0
Other_hyper_17.tif,D:\GitHub\AI-for-Agriculture-2026\dataset\train\MS\Other_hyper_17.tif,train,Other,64,64,5,uint16,HWC,64x64,4096,0.039,1.0
Other_hyper_170.tif,D:\GitHub\AI-for-Agriculture-2026\dataset\train\MS\Other_hyper_170.tif,train,Other,64,64,5,uint16,HWC,64x64,4096,0.039,1.0
Other_hyper_171.tif,D:\GitHub\AI-for-Agriculture-2026\dataset\train\MS\Other_hyper_171.tif,train,Other,64,64,5,uint16,HWC,64x64,4096,0.039,1.0
Other_hyper_172.tif,D:\GitHub\AI-for-Agriculture-2026\dataset\train\MS\Other_hyper_172.tif,train,Other,64,64,5,uint16,HWC,64x64,4096,0.039,1.0
Other_hyper_173.tif,D:\GitHub\AI-for-Agriculture-2026\dataset\train\MS\Other_hyper_173.tif,train,Other,64,64,5,uint16,HWC,64x64,4096,0.039,1.0
Other_hyper_175.tif,D:\GitHub\AI-for-Agriculture-2026\dataset\train\MS\Other_hyper_175.tif,train,Other,64,64,5,uint16,HWC,64x64,4096,0.039,1.0
Other_hyper_176.tif,D:\GitHub\AI-for-Agriculture-2026\dataset\train\MS\Other_hyper_176.tif,train,Other,64,64,5,uint16,HWC,64x64,4096,0.039,1.0
Other_hyper_177.tif,D:\GitHub\AI-for-Agriculture-2026\dataset\train\MS\Other_hyper_177.tif,train,Other,64,64,5,uint16,HWC,64x64,4096,0.039,1.0
Other_hyper_178.tif,D:\GitHub\AI-for-Agriculture-2026\dataset\train\MS\Other_hyper_178.tif,train,Other,64,64,5,uint16,HWC,64x64,4096,0.039,1.0
Other_hyper_179.tif,D:\GitHub\AI-for-Agriculture-2026\dataset\train\MS\Other_hyper_179.tif,train,Other,64,64,5,uint16,HWC,64x64,4096,0.039,1.0
Other_hyper_18.tif,D:\GitHub\AI-for-Agriculture-2026\dataset\train\MS\Other_hyper_18.tif,train,Other,64,64,5,uint16,HWC,64x64,4096,0.039,1.0
Other_hyper_180.tif,D:\GitHub\AI-for-Agriculture-2026\dataset\train\MS\Other_hyper_180.tif,train,Other,64,64,5,uint16,HWC,64x64,4096,0.039,1.0
Other_hyper_181.tif,D:\GitHub\AI-for-Agriculture-2026\dataset\train\MS\Other_hyper_181.tif,train,Other,64,64,5,uint16,HWC,64x64,4096,0.039,1.0
Other_hyper_182.tif,D:\GitHub\AI-for-Agriculture-2026\dataset\train\MS\Other_hyper_182.tif,train,Other,64,64,5,uint16,HWC,64x64,4096,0.039,1.0
Other_hyper_183.tif,D:\GitHub\AI-for-Agriculture-2026\dataset\train\MS\Other_hyper_183.tif,train,Other,64,64,5,uint16,HWC,64x64,4096,0.039,1.0
Other_hyper_184.tif,D:\GitHub\AI-for-Agriculture-2026\dataset\train\MS\Other_hyper_184.tif,train,Other,64,64,5,uint16,HWC,64x64,4096,0.039,1.0
Other_hyper_185.tif,D:\GitHub\AI-for-Agriculture-2026\dataset\train\MS\Other_hyper_185.tif,train,Other,64,64,5,uint16,HWC,64x64,4096,0.039,1.0
Other_hyper_186.tif,D:\GitHub\AI-for-Agriculture-2026\dataset\train\MS\Other_hyper_186.tif,train,Other,64,64,5,uint16,HWC,64x64,4096,0.039,1.0
Other_hyper_187.tif,D:\GitHub\AI-for-Agriculture-2026\dataset\train\MS\Other_hyper_187.tif,train,Other,64,64,5,uint16,HWC,64x64,4096,0.039,1.0
Other_hyper_188.tif,D:\GitHub\AI-for-Agriculture-2026\dataset\train\MS\Other_hyper_188.tif,train,Other,64,64,5,uint16,HWC,64x64,4096,0.039,1.0
Other_hyper_189.tif,D:\GitHub\AI-for-Agriculture-2026\dataset\train\MS\Other_hyper_189.tif,train,Other,64,64,5,uint16,HWC,64x64,4096,0.039,1.0
Other_hyper_19.tif,D:\GitHub\AI-for-Agriculture-2026\dataset\train\MS\Other_hyper_19.tif,train,Other,64,64,5,uint16,HWC,64x64,4096,0.039,1.0
Other_hyper_190.tif,D:\GitHub\AI-for-Agriculture-2026\dataset\train\MS\Other_hyper_190.tif,train,Other,64,64,5,uint16,HWC,64x64,4096,0.039,1.0
Other_hyper_191.tif,D:\GitHub\AI-for-Agriculture-2026\dataset\train\MS\Other_hyper_191.tif,train,Other,64,64,5,uint16,HWC,64x64,4096,0.039,1.0
Other_hyper_192.tif,D:\GitHub\AI-for-Agriculture-2026\dataset\train\MS\Other_hyper_192.tif,train,Other,64,64,5,uint16,HWC,64x64,4096,0.039,1.0
Other_hyper_193.tif,D:\GitHub\AI-for-Agriculture-2026\dataset\train\MS\Other_hyper_193.tif,train,Other,64,64,5,uint16,HWC,64x64,4096,0.039,1.0
Other_hyper_194.tif,D:\GitHub\AI-for-Agriculture-2026\dataset\train\MS\Other_hyper_194.tif,train,Other,64,64,5,uint16,HWC,64x64,4096,0.039,1.0
Other_hyper_195.tif,D:\GitHub\AI-for-Agriculture-2026\dataset\train\MS\Other_hyper_195.tif,train,Other,64,64,5,uint16,HWC,64x64,4096,0.039,1.0
Other_hyper_196.tif,D:\GitHub\AI-for-Agriculture-2026\dataset\train\MS\Other_hyper_196.tif,train,Other,64,64,5,uint16,HWC,64x64,4096,0.039,1.0
Other_hyper_197.tif,D:\GitHub\AI-for-Agriculture-2026\dataset\train\MS\Other_hyper_197.tif,train,Other,64,64,5,uint16,HWC,64x64,4096,0.039,1.0
Other_hyper_198.tif,D:\GitHub\AI-for-Agriculture-2026\dataset\train\MS\Other_hyper_198.tif,train,Other,64,64,5,uint16,HWC,64x64,4096,0.039,1.0
Other_hyper_199.tif,D:\GitHub\AI-for-Agriculture-2026\dataset\train\MS\Other_hyper_199.tif,train,Other,64,64,5,uint16,HWC,64x64,4096,0.039,1.0
Other_hyper_2.tif,D:\GitHub\AI-for-Agriculture-2026\dataset\train\MS\Other_hyper_2.tif,train,Other,64,64,5,uint16,HWC,64x64,4096,0.039,1.0
Other_hyper_20.tif,D:\GitHub\AI-for-Agriculture-2026\dataset\train\MS\Other_hyper_20.tif,train,Other,64,64,5,uint16,HWC,64x64,4096,0.039,1.0
Other_hyper_200.tif,D:\GitHub\AI-for-Agriculture-2026\dataset\train\MS\Other_hyper_200.tif,train,Other,64,64,5,uint16,HWC,64x64,4096,0.039,1.0
Other_hyper_21.tif,D:\GitHub\AI-for-Agriculture-2026\dataset\train\MS\Other_hyper_21.tif,train,Other,64,64,5,uint16,HWC,64x64,4096,0.039,1.0
Other_hyper_23.tif,D:\GitHub\AI-for-Agriculture-2026\dataset\train\MS\Other_hyper_23.tif,train,Other,64,64,5,uint16,HWC,64x64,4096,0.039,1.0
Other_hyper_24.tif,D:\GitHub\AI-for-Agriculture-2026\dataset\train\MS\Other_hyper_24.tif,train,Other,64,64,5,uint16,HWC,64x64,4096,0.039,1.0
Other_hyper_25.tif,D:\GitHub\AI-for-Agriculture-2026\dataset\train\MS\Other_hyper_25.tif,train,Other,64,64,5,uint16,HWC,64x64,4096,0.039,1.0
Other_hyper_27.tif,D:\GitHub\AI-for-Agriculture-2026\dataset\train\MS\Other_hyper_27.tif,train,Other,64,64,5,uint16,HWC,64x64,4096,0.039,1.0
Other_hyper_28.tif,D:\GitHub\AI-for-Agriculture-2026\dataset\train\MS\Other_hyper_28.tif,train,Other,64,64,5,uint16,HWC,64x64,4096,0.039,1.0
Other_hyper_29.tif,D:\GitHub\AI-for-Agriculture-2026\dataset\train\MS\Other_hyper_29.tif,train,Other,64,64,5,uint16,HWC,64x64,4096,0.039,1.0
Other_hyper_3.tif,D:\GitHub\AI-for-Agriculture-2026\dataset\train\MS\Other_hyper_3.tif,train,Other,64,64,5,uint16,HWC,64x64,4096,0.039,1.0
Other_hyper_30.tif,D:\GitHub\AI-for-Agriculture-2026\dataset\train\MS\Other_hyper_30.tif,train,Other,64,64,5,uint16,HWC,64x64,4096,0.039,1.0
Other_hyper_32.tif,D:\GitHub\AI-for-Agriculture-2026\dataset\train\MS\Other_hyper_32.tif,train,Other,64,64,5,uint16,HWC,64x64,4096,0.039,1.0
Other_hyper_33.tif,D:\GitHub\AI-for-Agriculture-2026\dataset\train\MS\Other_hyper_33.tif,train,Other,64,64,5,uint16,HWC,64x64,4096,0.039,1.0
Other_hyper_34.tif,D:\GitHub\AI-for-Agriculture-2026\dataset\train\MS\Other_hyper_34.tif,train,Other,64,64,5,uint16,HWC,64x64,4096,0.039,1.0
Other_hyper_35.tif,D:\GitHub\AI-for-Agriculture-2026\dataset\train\MS\Other_hyper_35.tif,train,Other,64,64,5,uint16,HWC,64x64,4096,0.039,1.0
Other_hyper_36.tif,D:\GitHub\AI-for-Agriculture-2026\dataset\train\MS\Other_hyper_36.tif,train,Other,64,64,5,uint16,HWC,64x64,4096,0.039,1.0
Other_hyper_37.tif,D:\GitHub\AI-for-Agriculture-2026\dataset\train\MS\Other_hyper_37.tif,train,Other,64,64,5,uint16,HWC,64x64,4096,0.039,1.0
Other_hyper_38.tif,D:\GitHub\AI-for-Agriculture-2026\dataset\train\MS\Other_hyper_38.tif,train,Other,64,64,5,uint16,HWC,64x64,4096,0.039,1.0
Other_hyper_39.tif,D:\GitHub\AI-for-Agriculture-2026\dataset\train\MS\Other_hyper_39.tif,train,Other,64,64,5,uint16,HWC,64x64,4096,0.039,1.0
Other_hyper_4.tif,D:\GitHub\AI-for-Agriculture-2026\dataset\train\MS\Other_hyper_4.tif,train,Other,64,64,5,uint16,HWC,64x64,4096,0.039,1.0
Other_hyper_40.tif,D:\GitHub\AI-for-Agriculture-2026\dataset\train\MS\Other_hyper_40.tif,train,Other,64,64,5,uint16,HWC,64x64,4096,0.039,1.0
Other_hyper_41.tif,D:\GitHub\AI-for-Agriculture-2026\dataset\train\MS\Other_hyper_41.tif,train,Other,64,64,5,uint16,HWC,64x64,4096,0.039,1.0
Other_hyper_42.tif,D:\GitHub\AI-for-Agriculture-2026\dataset\train\MS\Other_hyper_42.tif,train,Other,64,64,5,uint16,HWC,64x64,4096,0.039,1.0
Other_hyper_43.tif,D:\GitHub\AI-for-Agriculture-2026\dataset\train\MS\Other_hyper_43.tif,train,Other,64,64,5,uint16,HWC,64x64,4096,0.039,1.0
Other_hyper_44.tif,D:\GitHub\AI-for-Agriculture-2026\dataset\train\MS\Other_hyper_44.tif,train,Other,64,64,5,uint16,HWC,64x64,4096,0.039,1.0
Other_hyper_45.tif,D:\GitHub\AI-for-Agriculture-2026\dataset\train\MS\Other_hyper_45.tif,train,Other,64,64,5,uint16,HWC,64x64,4096,0.039,1.0
Other_hyper_46.tif,D:\GitHub\AI-for-Agriculture-2026\dataset\train\MS\Other_hyper_46.tif,train,Other,64,64,5,uint16,HWC,64x64,4096,0.039,1.0
Other_hyper_47.tif,D:\GitHub\AI-for-Agriculture-2026\dataset\train\MS\Other_hyper_47.tif,train,Other,64,64,5,uint16,HWC,64x64,4096,0.039,1.0
Other_hyper_48.tif,D:\GitHub\AI-for-Agriculture-2026\dataset\train\MS\Other_hyper_48.tif,train,Other,64,64,5,uint16,HWC,64x64,4096,0.039,1.0
Other_hyper_49.tif,D:\GitHub\AI-for-Agriculture-2026\dataset\train\MS\Other_hyper_49.tif,train,Other,64,64,5,uint16,HWC,64x64,4096,0.039,1.0
Other_hyper_5.tif,D:\GitHub\AI-for-Agriculture-2026\dataset\train\MS\Other_hyper_5.tif,train,Other,64,64,5,uint16,HWC,64x64,4096,0.039,1.0
Other_hyper_51.tif,D:\GitHub\AI-for-Agriculture-2026\dataset\train\MS\Other_hyper_51.tif,train,Other,64,64,5,uint16,HWC,64x64,4096,0.039,1.0
Other_hyper_52.tif,D:\GitHub\AI-for-Agriculture-2026\dataset\train\MS\Other_hyper_52.tif,train,Other,64,64,5,uint16,HWC,64x64,4096,0.039,1.0
Other_hyper_53.tif,D:\GitHub\AI-for-Agriculture-2026\dataset\train\MS\Other_hyper_53.tif,train,Other,64,64,5,uint16,HWC,64x64,4096,0.039,1.0
Other_hyper_54.tif,D:\GitHub\AI-for-Agriculture-2026\dataset\train\MS\Other_hyper_54.tif,train,Other,64,64,5,uint16,HWC,64x64,4096,0.039,1.0
Other_hyper_55.tif,D:\GitHub\AI-for-Agriculture-2026\dataset\train\MS\Other_hyper_55.tif,train,Other,64,64,5,uint16,HWC,64x64,4096,0.039,1.0
Other_hyper_56.tif,D:\GitHub\AI-for-Agriculture-2026\dataset\train\MS\Other_hyper_56.tif,train,Other,64,64,5,uint16,HWC,64x64,4096,0.039,1.0
Other_hyper_57.tif,D:\GitHub\AI-for-Agriculture-2026\dataset\train\MS\Other_hyper_57.tif,train,Other,64,64,5,uint16,HWC,64x64,4096,0.039,1.0
Other_hyper_58.tif,D:\GitHub\AI-for-Agriculture-2026\dataset\train\MS\Other_hyper_58.tif,train,Other,64,64,5,uint16,HWC,64x64,4096,0.039,1.0
Other_hyper_59.tif,D:\GitHub\AI-for-Agriculture-2026\dataset\train\MS\Other_hyper_59.tif,train,Other,64,64,5,uint16,HWC,64x64,4096,0.039,1.0
Other_hyper_6.tif,D:\GitHub\AI-for-Agriculture-2026\dataset\train\MS\Other_hyper_6.tif,train,Other,64,64,5,uint16,HWC,64x64,4096,0.039,1.0
Other_hyper_60.tif,D:\GitHub\AI-for-Agriculture-2026\dataset\train\MS\Other_hyper_60.tif,train,Other,64,64,5,uint16,HWC,64x64,4096,0.039,1.0
Other_hyper_61.tif,D:\GitHub\AI-for-Agriculture-2026\dataset\train\MS\Other_hyper_61.tif,train,Other,64,64,5,uint16,HWC,64x64,4096,0.039,1.0
Other_hyper_62.tif,D:\GitHub\AI-for-Agriculture-2026\dataset\train\MS\Other_hyper_62.tif,train,Other,64,64,5,uint16,HWC,64x64,4096,0.039,1.0
Other_hyper_63.tif,D:\GitHub\AI-for-Agriculture-2026\dataset\train\MS\Other_hyper_63.tif,train,Other,64,64,5,uint16,HWC,64x64,4096,0.039,1.0
Other_hyper_65.tif,D:\GitHub\AI-for-Agriculture-2026\dataset\train\MS\Other_hyper_65.tif,train,Other,64,64,5,uint16,HWC,64x64,4096,0.039,1.0
Other_hyper_66.tif,D:\GitHub\AI-for-Agriculture-2026\dataset\train\MS\Other_hyper_66.tif,train,Other,64,64,5,uint16,HWC,64x64,4096,0.039,1.0
Other_hyper_67.tif,D:\GitHub\AI-for-Agriculture-2026\dataset\train\MS\Other_hyper_67.tif,train,Other,64,64,5,uint16,HWC,64x64,4096,0.039,1.0
Other_hyper_68.tif,D:\GitHub\AI-for-Agriculture-2026\dataset\train\MS\Other_hyper_68.tif,train,Other,64,64,5,uint16,HWC,64x64,4096,0.039,1.0
Other_hyper_69.tif,D:\GitHub\AI-for-Agriculture-2026\dataset\train\MS\Other_hyper_69.tif,train,Other,64,64,5,uint16,HWC,64x64,4096,0.039,1.0
Other_hyper_7.tif,D:\GitHub\AI-for-Agriculture-2026\dataset\train\MS\Other_hyper_7.tif,train,Other,64,64,5,uint16,HWC,64x64,4096,0.039,1.0
Other_hyper_70.tif,D:\GitHub\AI-for-Agriculture-2026\dataset\train\MS\Other_hyper_70.tif,train,Other,64,64,5,uint16,HWC,64x64,4096,0.039,1.0
Other_hyper_71.tif,D:\GitHub\AI-for-Agriculture-2026\dataset\train\MS\Other_hyper_71.tif,train,Other,64,64,5,uint16,HWC,64x64,4096,0.039,1.0
Other_hyper_72.tif,D:\GitHub\AI-for-Agriculture-2026\dataset\train\MS\Other_hyper_72.tif,train,Other,64,64,5,uint16,HWC,64x64,4096,0.039,1.0
Other_hyper_73.tif,D:\GitHub\AI-for-Agriculture-2026\dataset\train\MS\Other_hyper_73.tif,train,Other,64,64,5,uint16,HWC,64x64,4096,0.039,1.0
Other_hyper_74.tif,D:\GitHub\AI-for-Agriculture-2026\dataset\train\MS\Other_hyper_74.tif,train,Other,64,64,5,uint16,HWC,64x64,4096,0.039,1.0
Other_hyper_75.tif,D:\GitHub\AI-for-Agriculture-2026\dataset\train\MS\Other_hyper_75.tif,train,Other,64,64,5,uint16,HWC,64x64,4096,0.039,1.0
Other_hyper_76.tif,D:\GitHub\AI-for-Agriculture-2026\dataset\train\MS\Other_hyper_76.tif,train,Other,64,64,5,uint16,HWC,64x64,4096,0.039,1.0
Other_hyper_77.tif,D:\GitHub\AI-for-Agriculture-2026\dataset\train\MS\Other_hyper_77.tif,train,Other,64,64,5,uint16,HWC,64x64,4096,0.039,1.0
Other_hyper_78.tif,D:\GitHub\AI-for-Agriculture-2026\dataset\train\MS\Other_hyper_78.tif,train,Other,64,64,5,uint16,HWC,64x64,4096,0.039,1.0
Other_hyper_79.tif,D:\GitHub\AI-for-Agriculture-2026\dataset\train\MS\Other_hyper_79.tif,train,Other,64,64,5,uint16,HWC,64x64,4096,0.039,1.0
Other_hyper_8.tif,D:\GitHub\AI-for-Agriculture-2026\dataset\train\MS\Other_hyper_8.tif,train,Other,64,64,5,uint16,HWC,64x64,4096,0.039,1.0
Other_hyper_80.tif,D:\GitHub\AI-for-Agriculture-2026\dataset\train\MS\Other_hyper_80.tif,train,Other,64,64,5,uint16,HWC,64x64,4096,0.039,1.0
Other_hyper_81.tif,D:\GitHub\AI-for-Agriculture-2026\dataset\train\MS\Other_hyper_81.tif,train,Other,64,64,5,uint16,HWC,64x64,4096,0.039,1.0
Other_hyper_82.tif,D:\GitHub\AI-for-Agriculture-2026\dataset\train\MS\Other_hyper_82.tif,train,Other,64,64,5,uint16,HWC,64x64,4096,0.039,1.0
Other_hyper_83.tif,D:\GitHub\AI-for-Agriculture-2026\dataset\train\MS\Other_hyper_83.tif,train,Other,64,64,5,uint16,HWC,64x64,4096,0.039,1.0
Other_hyper_84.tif,D:\GitHub\AI-for-Agriculture-2026\dataset\train\MS\Other_hyper_84.tif,train,Other,64,64,5,uint16,HWC,64x64,4096,0.039,1.0
Other_hyper_85.tif,D:\GitHub\AI-for-Agriculture-2026\dataset\train\MS\Other_hyper_85.tif,train,Other,64,64,5,uint16,HWC,64x64,4096,0.039,1.0
Other_hyper_86.tif,D:\GitHub\AI-for-Agriculture-2026\dataset\train\MS\Other_hyper_86.tif,train,Other,64,64,5,uint16,HWC,64x64,4096,0.039,1.0
Other_hyper_87.tif,D:\GitHub\AI-for-Agriculture-2026\dataset\train\MS\Other_hyper_87.tif,train,Other,64,64,5,uint16,HWC,64x64,4096,0.039,1.0
Other_hyper_88.tif,D:\GitHub\AI-for-Agriculture-2026\dataset\train\MS\Other_hyper_88.tif,train,Other,64,64,5,uint16,HWC,64x64,4096,0.039,1.0
Other_hyper_89.tif,D:\GitHub\AI-for-Agriculture-2026\dataset\train\MS\Other_hyper_89.tif,train,Other,64,64,5,uint16,HWC,64x64,4096,0.039,1.0
Other_hyper_9.tif,D:\GitHub\AI-for-Agriculture-2026\dataset\train\MS\Other_hyper_9.tif,train,Other,64,64,5,uint16,HWC,64x64,4096,0.039,1.0
Other_hyper_90.tif,D:\GitHub\AI-for-Agriculture-2026\dataset\train\MS\Other_hyper_90.tif,train,Other,64,64,5,uint16,HWC,64x64,4096,0.039,1.0
Other_hyper_91.tif,D:\GitHub\AI-for-Agriculture-2026\dataset\train\MS\Other_hyper_91.tif,train,Other,64,64,5,uint16,HWC,64x64,4096,0.039,1.0
Other_hyper_92.tif,D:\GitHub\AI-for-Agriculture-2026\dataset\train\MS\Other_hyper_92.tif,train,Other,64,64,5,uint16,HWC,64x64,4096,0.039,1.0
Other_hyper_93.tif,D:\GitHub\AI-for-Agriculture-2026\dataset\train\MS\Other_hyper_93.tif,train,Other,64,64,5,uint16,HWC,64x64,4096,0.039,1.0
Other_hyper_94.tif,D:\GitHub\AI-for-Agriculture-2026\dataset\train\MS\Other_hyper_94.tif,train,Other,64,64,5,uint16,HWC,64x64,4096,0.039,1.0
Other_hyper_95.tif,D:\GitHub\AI-for-Agriculture-2026\dataset\train\MS\Other_hyper_95.tif,train,Other,64,64,5,uint16,HWC,64x64,4096,0.039,1.0
Other_hyper_96.tif,D:\GitHub\AI-for-Agriculture-2026\dataset\train\MS\Other_hyper_96.tif,train,Other,64,64,5,uint16,HWC,64x64,4096,0.039,1.0
Other_hyper_97.tif,D:\GitHub\AI-for-Agriculture-2026\dataset\train\MS\Other_hyper_97.tif,train,Other,64,64,5,uint16,HWC,64x64,4096,0.039,1.0
Other_hyper_98.tif,D:\GitHub\AI-for-Agriculture-2026\dataset\train\MS\Other_hyper_98.tif,train,Other,64,64,5,uint16,HWC,64x64,4096,0.039,1.0
Other_hyper_99.tif,D:\GitHub\AI-for-Agriculture-2026\dataset\train\MS\Other_hyper_99.tif,train,Other,64,64,5,uint16,HWC,64x64,4096,0.039,1.0
Rust_hyper_1.tif,D:\GitHub\AI-for-Agriculture-2026\dataset\train\MS\Rust_hyper_1.tif,train,Rust,64,64,5,uint16,HWC,64x64,4096,0.039,1.0
Rust_hyper_10.tif,D:\GitHub\AI-for-Agriculture-2026\dataset\train\MS\Rust_hyper_10.tif,train,Rust,64,64,5,uint16,HWC,64x64,4096,0.039,1.0
Rust_hyper_100.tif,D:\GitHub\AI-for-Agriculture-2026\dataset\train\MS\Rust_hyper_100.tif,train,Rust,64,64,5,uint16,HWC,64x64,4096,0.039,1.0
Rust_hyper_101.tif,D:\GitHub\AI-for-Agriculture-2026\dataset\train\MS\Rust_hyper_101.tif,train,Rust,64,64,5,uint16,HWC,64x64,4096,0.039,1.0
Rust_hyper_102.tif,D:\GitHub\AI-for-Agriculture-2026\dataset\train\MS\Rust_hyper_102.tif,train,Rust,64,64,5,uint16,HWC,64x64,4096,0.039,1.0
Rust_hyper_103.tif,D:\GitHub\AI-for-Agriculture-2026\dataset\train\MS\Rust_hyper_103.tif,train,Rust,64,64,5,uint16,HWC,64x64,4096,0.039,1.0
Rust_hyper_104.tif,D:\GitHub\AI-for-Agriculture-2026\dataset\train\MS\Rust_hyper_104.tif,train,Rust,64,64,5,uint16,HWC,64x64,4096,0.039,1.0
Rust_hyper_105.tif,D:\GitHub\AI-for-Agriculture-2026\dataset\train\MS\Rust_hyper_105.tif,train,Rust,64,64,5,uint16,HWC,64x64,4096,0.039,1.0
Rust_hyper_106.tif,D:\GitHub\AI-for-Agriculture-2026\dataset\train\MS\Rust_hyper_106.tif,train,Rust,64,64,5,uint16,HWC,64x64,4096,0.039,1.0
Rust_hyper_107.tif,D:\GitHub\AI-for-Agriculture-2026\dataset\train\MS\Rust_hyper_107.tif,train,Rust,64,64,5,uint16,HWC,64x64,4096,0.039,1.0
Rust_hyper_108.tif,D:\GitHub\AI-for-Agriculture-2026\dataset\train\MS\Rust_hyper_108.tif,train,Rust,64,64,5,uint16,HWC,64x64,4096,0.039,1.0
Rust_hyper_109.tif,D:\GitHub\AI-for-Agriculture-2026\dataset\train\MS\Rust_hyper_109.tif,train,Rust,64,64,5,uint16,HWC,64x64,4096,0.039,1.0
Rust_hyper_11.tif,D:\GitHub\AI-for-Agriculture-2026\dataset\train\MS\Rust_hyper_11.tif,train,Rust,64,64,5,uint16,HWC,64x64,4096,0.039,1.0
Rust_hyper_110.tif,D:\GitHub\AI-for-Agriculture-2026\dataset\train\MS\Rust_hyper_110.tif,train,Rust,64,64,5,uint16,HWC,64x64,4096,0.039,1.0
Rust_hyper_111.tif,D:\GitHub\AI-for-Agriculture-2026\dataset\train\MS\Rust_hyper_111.tif,train,Rust,64,64,5,uint16,HWC,64x64,4096,0.039,1.0
Rust_hyper_112.tif,D:\GitHub\AI-for-Agriculture-2026\dataset\train\MS\Rust_hyper_112.tif,train,Rust,64,64,5,uint16,HWC,64x64,4096,0.039,1.0
Rust_hyper_113.tif,D:\GitHub\AI-for-Agriculture-2026\dataset\train\MS\Rust_hyper_113.tif,train,Rust,64,64,5,uint16,HWC,64x64,4096,0.039,1.0
Rust_hyper_114.tif,D:\GitHub\AI-for-Agriculture-2026\dataset\train\MS\Rust_hyper_114.tif,train,Rust,64,64,5,uint16,HWC,64x64,4096,0.039,1.0
Rust_hyper_115.tif,D:\GitHub\AI-for-Agriculture-2026\dataset\train\MS\Rust_hyper_115.tif,train,Rust,64,64,5,uint16,HWC,64x64,4096,0.039,1.0
Rust_hyper_116.tif,D:\GitHub\AI-for-Agriculture-2026\dataset\train\MS\Rust_hyper_116.tif,train,Rust,64,64,5,uint16,HWC,64x64,4096,0.039,1.0
Rust_hyper_117.tif,D:\GitHub\AI-for-Agriculture-2026\dataset\train\MS\Rust_hyper_117.tif,train,Rust,64,64,5,uint16,HWC,64x64,4096,0.039,1.0
Rust_hyper_118.tif,D:\GitHub\AI-for-Agriculture-2026\dataset\train\MS\Rust_hyper_118.tif,train,Rust,64,64,5,uint16,HWC,64x64,4096,0.039,1.0
Rust_hyper_119.tif,D:\GitHub\AI-for-Agriculture-2026\dataset\train\MS\Rust_hyper_119.tif,train,Rust,64,64,5,uint16,HWC,64x64,4096,0.039,1.0
Rust_hyper_12.tif,D:\GitHub\AI-for-Agriculture-2026\dataset\train\MS\Rust_hyper_12.tif,train,Rust,64,64,5,uint16,HWC,64x64,4096,0.039,1.0
Rust_hyper_120.tif,D:\GitHub\AI-for-Agriculture-2026\dataset\train\MS\Rust_hyper_120.tif,train,Rust,64,64,5,uint16,HWC,64x64,4096,0.039,1.0
Rust_hyper_121.tif,D:\GitHub\AI-for-Agriculture-2026\dataset\train\MS\Rust_hyper_121.tif,train,Rust,64,64,5,uint16,HWC,64x64,4096,0.039,1.0
Rust_hyper_122.tif,D:\GitHub\AI-for-Agriculture-2026\dataset\train\MS\Rust_hyper_122.tif,train,Rust,64,64,5,uint16,HWC,64x64,4096,0.039,1.0
Rust_hyper_123.tif,D:\GitHub\AI-for-Agriculture-2026\dataset\train\MS\Rust_hyper_123.tif,train,Rust,64,64,5,uint16,HWC,64x64,4096,0.039,1.0
Rust_hyper_124.tif,D:\GitHub\AI-for-Agriculture-2026\dataset\train\MS\Rust_hyper_124.tif,train,Rust,64,64,5,uint16,HWC,64x64,4096,0.039,1.0
Rust_hyper_125.tif,D:\GitHub\AI-for-Agriculture-2026\dataset\train\MS\Rust_hyper_125.tif,train,Rust,64,64,5,uint16,HWC,64x64,4096,0.039,1.0
Rust_hyper_126.tif,D:\GitHub\AI-for-Agriculture-2026\dataset\train\MS\Rust_hyper_126.tif,train,Rust,64,64,5,uint16,HWC,64x64,4096,0.039,1.0
Rust_hyper_127.tif,D:\GitHub\AI-for-Agriculture-2026\dataset\train\MS\Rust_hyper_127.tif,train,Rust,64,64,5,uint16,HWC,64x64,4096,0.039,1.0
Rust_hyper_128.tif,D:\GitHub\AI-for-Agriculture-2026\dataset\train\MS\Rust_hyper_128.tif,train,Rust,64,64,5,uint16,HWC,64x64,4096,0.039,1.0
Rust_hyper_129.tif,D:\GitHub\AI-for-Agriculture-2026\dataset\train\MS\Rust_hyper_129.tif,train,Rust,64,64,5,uint16,HWC,64x64,4096,0.039,1.0
Rust_hyper_13.tif,D:\GitHub\AI-for-Agriculture-2026\dataset\train\MS\Rust_hyper_13.tif,train,Rust,64,64,5,uint16,HWC,64x64,4096,0.039,1.0
Rust_hyper_130.tif,D:\GitHub\AI-for-Agriculture-2026\dataset\train\MS\Rust_hyper_130.tif,train,Rust,64,64,5,uint16,HWC,64x64,4096,0.039,1.0
Rust_hyper_131.tif,D:\GitHub\AI-for-Agriculture-2026\dataset\train\MS\Rust_hyper_131.tif,train,Rust,64,64,5,uint16,HWC,64x64,4096,0.039,1.0
Rust_hyper_132.tif,D:\GitHub\AI-for-Agriculture-2026\dataset\train\MS\Rust_hyper_132.tif,train,Rust,64,64,5,uint16,HWC,64x64,4096,0.039,1.0
Rust_hyper_133.tif,D:\GitHub\AI-for-Agriculture-2026\dataset\train\MS\Rust_hyper_133.tif,train,Rust,64,64,5,uint16,HWC,64x64,4096,0.039,1.0
Rust_hyper_134.tif,D:\GitHub\AI-for-Agriculture-2026\dataset\train\MS\Rust_hyper_134.tif,train,Rust,64,64,5,uint16,HWC,64x64,4096,0.039,1.0
Rust_hyper_135.tif,D:\GitHub\AI-for-Agriculture-2026\dataset\train\MS\Rust_hyper_135.tif,train,Rust,64,64,5,uint16,HWC,64x64,4096,0.039,1.0
Rust_hyper_136.tif,D:\GitHub\AI-for-Agriculture-2026\dataset\train\MS\Rust_hyper_136.tif,train,Rust,64,64,5,uint16,HWC,64x64,4096,0.039,1.0
Rust_hyper_137.tif,D:\GitHub\AI-for-Agriculture-2026\dataset\train\MS\Rust_hyper_137.tif,train,Rust,64,64,5,uint16,HWC,64x64,4096,0.039,1.0
Rust_hyper_138.tif,D:\GitHub\AI-for-Agriculture-2026\dataset\train\MS\Rust_hyper_138.tif,train,Rust,64,64,5,uint16,HWC,64x64,4096,0.039,1.0
Rust_hyper_139.tif,D:\GitHub\AI-for-Agriculture-2026\dataset\train\MS\Rust_hyper_139.tif,train,Rust,64,64,5,uint16,HWC,64x64,4096,0.039,1.0
Rust_hyper_14.tif,D:\GitHub\AI-for-Agriculture-2026\dataset\train\MS\Rust_hyper_14.tif,train,Rust,64,64,5,uint16,HWC,64x64,4096,0.039,1.0
Rust_hyper_140.tif,D:\GitHub\AI-for-Agriculture-2026\dataset\train\MS\Rust_hyper_140.tif,train,Rust,64,64,5,uint16,HWC,64x64,4096,0.039,1.0
Rust_hyper_141.tif,D:\GitHub\AI-for-Agriculture-2026\dataset\train\MS\Rust_hyper_141.tif,train,Rust,64,64,5,uint16,HWC,64x64,4096,0.039,1.0
Rust_hyper_142.tif,D:\GitHub\AI-for-Agriculture-2026\dataset\train\MS\Rust_hyper_142.tif,train,Rust,64,64,5,uint16,HWC,64x64,4096,0.039,1.0
Rust_hyper_143.tif,D:\GitHub\AI-for-Agriculture-2026\dataset\train\MS\Rust_hyper_143.tif,train,Rust,64,64,5,uint16,HWC,64x64,4096,0.039,1.0
Rust_hyper_144.tif,D:\GitHub\AI-for-Agriculture-2026\dataset\train\MS\Rust_hyper_144.tif,train,Rust,64,64,5,uint16,HWC,64x64,4096,0.039,1.0
Rust_hyper_145.tif,D:\GitHub\AI-for-Agriculture-2026\dataset\train\MS\Rust_hyper_145.tif,train,Rust,64,64,5,uint16,HWC,64x64,4096,0.039,1.0
Rust_hyper_146.tif,D:\GitHub\AI-for-Agriculture-2026\dataset\train\MS\Rust_hyper_146.tif,train,Rust,64,64,5,uint16,HWC,64x64,4096,0.039,1.0
Rust_hyper_147.tif,D:\GitHub\AI-for-Agriculture-2026\dataset\train\MS\Rust_hyper_147.tif,train,Rust,64,64,5,uint16,HWC,64x64,4096,0.039,1.0
Rust_hyper_148.tif,D:\GitHub\AI-for-Agriculture-2026\dataset\train\MS\Rust_hyper_148.tif,train,Rust,64,64,5,uint16,HWC,64x64,4096,0.039,1.0
Rust_hyper_149.tif,D:\GitHub\AI-for-Agriculture-2026\dataset\train\MS\Rust_hyper_149.tif,train,Rust,64,64,5,uint16,HWC,64x64,4096,0.039,1.0
Rust_hyper_15.tif,D:\GitHub\AI-for-Agriculture-2026\dataset\train\MS\Rust_hyper_15.tif,train,Rust,64,64,5,uint16,HWC,64x64,4096,0.039,1.0
Rust_hyper_150.tif,D:\GitHub\AI-for-Agriculture-2026\dataset\train\MS\Rust_hyper_150.tif,train,Rust,64,64,5,uint16,HWC,64x64,4096,0.039,1.0
Rust_hyper_151.tif,D:\GitHub\AI-for-Agriculture-2026\dataset\train\MS\Rust_hyper_151.tif,train,Rust,64,64,5,uint16,HWC,64x64,4096,0.039,1.0
Rust_hyper_152.tif,D:\GitHub\AI-for-Agriculture-2026\dataset\train\MS\Rust_hyper_152.tif,train,Rust,64,64,5,uint16,HWC,64x64,4096,0.039,1.0
Rust_hyper_153.tif,D:\GitHub\AI-for-Agriculture-2026\dataset\train\MS\Rust_hyper_153.tif,train,Rust,64,64,5,uint16,HWC,64x64,4096,0.039,1.0
Rust_hyper_154.tif,D:\GitHub\AI-for-Agriculture-2026\dataset\train\MS\Rust_hyper_154.tif,train,Rust,64,64,5,uint16,HWC,64x64,4096,0.039,1.0
Rust_hyper_155.tif,D:\GitHub\AI-for-Agriculture-2026\dataset\train\MS\Rust_hyper_155.tif,train,Rust,64,64,5,uint16,HWC,64x64,4096,0.039,1.0
Rust_hyper_156.tif,D:\GitHub\AI-for-Agriculture-2026\dataset\train\MS\Rust_hyper_156.tif,train,Rust,64,64,5,uint16,HWC,64x64,4096,0.039,1.0
Rust_hyper_157.tif,D:\GitHub\AI-for-Agriculture-2026\dataset\train\MS\Rust_hyper_157.tif,train,Rust,64,64,5,uint16,HWC,64x64,4096,0.039,1.0
Rust_hyper_158.tif,D:\GitHub\AI-for-Agriculture-2026\dataset\train\MS\Rust_hyper_158.tif,train,Rust,64,64,5,uint16,HWC,64x64,4096,0.039,1.0
Rust_hyper_159.tif,D:\GitHub\AI-for-Agriculture-2026\dataset\train\MS\Rust_hyper_159.tif,train,Rust,64,64,5,uint16,HWC,64x64,4096,0.039,1.0
Rust_hyper_16.tif,D:\GitHub\AI-for-Agriculture-2026\dataset\train\MS\Rust_hyper_16.tif,train,Rust,64,64,5,uint16,HWC,64x64,4096,0.039,1.0
Rust_hyper_160.tif,D:\GitHub\AI-for-Agriculture-2026\dataset\train\MS\Rust_hyper_160.tif,train,Rust,64,64,5,uint16,HWC,64x64,4096,0.039,1.0
Rust_hyper_161.tif,D:\GitHub\AI-for-Agriculture-2026\dataset\train\MS\Rust_hyper_161.tif,train,Rust,64,64,5,uint16,HWC,64x64,4096,0.039,1.0
Rust_hyper_162.tif,D:\GitHub\AI-for-Agriculture-2026\dataset\train\MS\Rust_hyper_162.tif,train,Rust,64,64,5,uint16,HWC,64x64,4096,0.039,1.0
Rust_hyper_163.tif,D:\GitHub\AI-for-Agriculture-2026\dataset\train\MS\Rust_hyper_163.tif,train,Rust,64,64,5,uint16,HWC,64x64,4096,0.039,1.0
Rust_hyper_164.tif,D:\GitHub\AI-for-Agriculture-2026\dataset\train\MS\Rust_hyper_164.tif,train,Rust,64,64,5,uint16,HWC,64x64,4096,0.039,1.0
Rust_hyper_165.tif,D:\GitHub\AI-for-Agriculture-2026\dataset\train\MS\Rust_hyper_165.tif,train,Rust,64,64,5,uint16,HWC,64x64,4096,0.039,1.0
Rust_hyper_166.tif,D:\GitHub\AI-for-Agriculture-2026\dataset\train\MS\Rust_hyper_166.tif,train,Rust,64,64,5,uint16,HWC,64x64,4096,0.039,1.0
Rust_hyper_167.tif,D:\GitHub\AI-for-Agriculture-2026\dataset\train\MS\Rust_hyper_167.tif,train,Rust,64,64,5,uint16,HWC,64x64,4096,0.039,1.0
Rust_hyper_168.tif,D:\GitHub\AI-for-Agriculture-2026\dataset\train\MS\Rust_hyper_168.tif,train,Rust,64,64,5,uint16,HWC,64x64,4096,0.039,1.0
Rust_hyper_169.tif,D:\GitHub\AI-for-Agriculture-2026\dataset\train\MS\Rust_hyper_169.tif,train,Rust,64,64,5,uint16,HWC,64x64,4096,0.039,1.0
Rust_hyper_17.tif,D:\GitHub\AI-for-Agriculture-2026\dataset\train\MS\Rust_hyper_17.tif,train,Rust,64,64,5,uint16,HWC,64x64,4096,0.039,1.0
Rust_hyper_170.tif,D:\GitHub\AI-for-Agriculture-2026\dataset\train\MS\Rust_hyper_170.tif,train,Rust,64,64,5,uint16,HWC,64x64,4096,0.039,1.0
Rust_hyper_171.tif,D:\GitHub\AI-for-Agriculture-2026\dataset\train\MS\Rust_hyper_171.tif,train,Rust,64,64,5,uint16,HWC,64x64,4096,0.039,1.0
Rust_hyper_172.tif,D:\GitHub\AI-for-Agriculture-2026\dataset\train\MS\Rust_hyper_172.tif,train,Rust,64,64,5,uint16,HWC,64x64,4096,0.039,1.0
Rust_hyper_173.tif,D:\GitHub\AI-for-Agriculture-2026\dataset\train\MS\Rust_hyper_173.tif,train,Rust,64,64,5,uint16,HWC,64x64,4096,0.039,1.0
Rust_hyper_174.tif,D:\GitHub\AI-for-Agriculture-2026\dataset\train\MS\Rust_hyper_174.tif,train,Rust,64,64,5,uint16,HWC,64x64,4096,0.039,1.0
Rust_hyper_175.tif,D:\GitHub\AI-for-Agriculture-2026\dataset\train\MS\Rust_hyper_175.tif,train,Rust,64,64,5,uint16,HWC,64x64,4096,0.039,1.0
Rust_hyper_176.tif,D:\GitHub\AI-for-Agriculture-2026\dataset\train\MS\Rust_hyper_176.tif,train,Rust,64,64,5,uint16,HWC,64x64,4096,0.039,1.0
Rust_hyper_177.tif,D:\GitHub\AI-for-Agriculture-2026\dataset\train\MS\Rust_hyper_177.tif,train,Rust,64,64,5,uint16,HWC,64x64,4096,0.039,1.0
Rust_hyper_178.tif,D:\GitHub\AI-for-Agriculture-2026\dataset\train\MS\Rust_hyper_178.tif,train,Rust,64,64,5,uint16,HWC,64x64,4096,0.039,1.0
Rust_hyper_179.tif,D:\GitHub\AI-for-Agriculture-2026\dataset\train\MS\Rust_hyper_179.tif,train,Rust,64,64,5,uint16,HWC,64x64,4096,0.039,1.0
Rust_hyper_18.tif,D:\GitHub\AI-for-Agriculture-2026\dataset\train\MS\Rust_hyper_18.tif,train,Rust,64,64,5,uint16,HWC,64x64,4096,0.039,1.0
Rust_hyper_180.tif,D:\GitHub\AI-for-Agriculture-2026\dataset\train\MS\Rust_hyper_180.tif,train,Rust,64,64,5,uint16,HWC,64x64,4096,0.039,1.0
Rust_hyper_181.tif,D:\GitHub\AI-for-Agriculture-2026\dataset\train\MS\Rust_hyper_181.tif,train,Rust,64,64,5,uint16,HWC,64x64,4096,0.039,1.0
Rust_hyper_182.tif,D:\GitHub\AI-for-Agriculture-2026\dataset\train\MS\Rust_hyper_182.tif,train,Rust,64,64,5,uint16,HWC,64x64,4096,0.039,1.0
Rust_hyper_183.tif,D:\GitHub\AI-for-Agriculture-2026\dataset\train\MS\Rust_hyper_183.tif,train,Rust,64,64,5,uint16,HWC,64x64,4096,0.039,1.0
Rust_hyper_184.tif,D:\GitHub\AI-for-Agriculture-2026\dataset\train\MS\Rust_hyper_184.tif,train,Rust,64,64,5,uint16,HWC,64x64,4096,0.039,1.0
Rust_hyper_185.tif,D:\GitHub\AI-for-Agriculture-2026\dataset\train\MS\Rust_hyper_185.tif,train,Rust,64,64,5,uint16,HWC,64x64,4096,0.039,1.0
Rust_hyper_186.tif,D:\GitHub\AI-for-Agriculture-2026\dataset\train\MS\Rust_hyper_186.tif,train,Rust,64,64,5,uint16,HWC,64x64,4096,0.039,1.0
Rust_hyper_187.tif,D:\GitHub\AI-for-Agriculture-2026\dataset\train\MS\Rust_hyper_187.tif,train,Rust,64,64,5,uint16,HWC,64x64,4096,0.039,1.0
Rust_hyper_188.tif,D:\GitHub\AI-for-Agriculture-2026\dataset\train\MS\Rust_hyper_188.tif,train,Rust,64,64,5,uint16,HWC,64x64,4096,0.039,1.0
Rust_hyper_189.tif,D:\GitHub\AI-for-Agriculture-2026\dataset\train\MS\Rust_hyper_189.tif,train,Rust,64,64,5,uint16,HWC,64x64,4096,0.039,1.0
Rust_hyper_19.tif,D:\GitHub\AI-for-Agriculture-2026\dataset\train\MS\Rust_hyper_19.tif,train,Rust,64,64,5,uint16,HWC,64x64,4096,0.039,1.0
Rust_hyper_190.tif,D:\GitHub\AI-for-Agriculture-2026\dataset\train\MS\Rust_hyper_190.tif,train,Rust,64,64,5,uint16,HWC,64x64,4096,0.039,1.0
Rust_hyper_191.tif,D:\GitHub\AI-for-Agriculture-2026\dataset\train\MS\Rust_hyper_191.tif,train,Rust,64,64,5,uint16,HWC,64x64,4096,0.039,1.0
Rust_hyper_192.tif,D:\GitHub\AI-for-Agriculture-2026\dataset\train\MS\Rust_hyper_192.tif,train,Rust,64,64,5,uint16,HWC,64x64,4096,0.039,1.0
Rust_hyper_193.tif,D:\GitHub\AI-for-Agriculture-2026\dataset\train\MS\Rust_hyper_193.tif,train,Rust,64,64,5,uint16,HWC,64x64,4096,0.039,1.0
Rust_hyper_194.tif,D:\GitHub\AI-for-Agriculture-2026\dataset\train\MS\Rust_hyper_194.tif,train,Rust,64,64,5,uint16,HWC,64x64,4096,0.039,1.0
Rust_hyper_195.tif,D:\GitHub\AI-for-Agriculture-2026\dataset\train\MS\Rust_hyper_195.tif,train,Rust,64,64,5,uint16,HWC,64x64,4096,0.039,1.0
Rust_hyper_196.tif,D:\GitHub\AI-for-Agriculture-2026\dataset\train\MS\Rust_hyper_196.tif,train,Rust,64,64,5,uint16,HWC,64x64,4096,0.039,1.0
Rust_hyper_197.tif,D:\GitHub\AI-for-Agriculture-2026\dataset\train\MS\Rust_hyper_197.tif,train,Rust,64,64,5,uint16,HWC,64x64,4096,0.039,1.0
Rust_hyper_198.tif,D:\GitHub\AI-for-Agriculture-2026\dataset\train\MS\Rust_hyper_198.tif,train,Rust,64,64,5,uint16,HWC,64x64,4096,0.039,1.0
Rust_hyper_199.tif,D:\GitHub\AI-for-Agriculture-2026\dataset\train\MS\Rust_hyper_199.tif,train,Rust,64,64,5,uint16,HWC,64x64,4096,0.039,1.0
Rust_hyper_2.tif,D:\GitHub\AI-for-Agriculture-2026\dataset\train\MS\Rust_hyper_2.tif,train,Rust,64,64,5,uint16,HWC,64x64,4096,0.039,1.0
Rust_hyper_20.tif,D:\GitHub\AI-for-Agriculture-2026\dataset\train\MS\Rust_hyper_20.tif,train,Rust,64,64,5,uint16,HWC,64x64,4096,0.039,1.0
Rust_hyper_200.tif,D:\GitHub\AI-for-Agriculture-2026\dataset\train\MS\Rust_hyper_200.tif,train,Rust,64,64,5,uint16,HWC,64x64,4096,0.039,1.0
Rust_hyper_21.tif,D:\GitHub\AI-for-Agriculture-2026\dataset\train\MS\Rust_hyper_21.tif,train,Rust,64,64,5,uint16,HWC,64x64,4096,0.039,1.0
Rust_hyper_22.tif,D:\GitHub\AI-for-Agriculture-2026\dataset\train\MS\Rust_hyper_22.tif,train,Rust,64,64,5,uint16,HWC,64x64,4096,0.039,1.0
Rust_hyper_23.tif,D:\GitHub\AI-for-Agriculture-2026\dataset\train\MS\Rust_hyper_23.tif,train,Rust,64,64,5,uint16,HWC,64x64,4096,0.039,1.0
Rust_hyper_24.tif,D:\GitHub\AI-for-Agriculture-2026\dataset\train\MS\Rust_hyper_24.tif,train,Rust,64,64,5,uint16,HWC,64x64,4096,0.039,1.0
Rust_hyper_25.tif,D:\GitHub\AI-for-Agriculture-2026\dataset\train\MS\Rust_hyper_25.tif,train,Rust,64,64,5,uint16,HWC,64x64,4096,0.039,1.0
Rust_hyper_26.tif,D:\GitHub\AI-for-Agriculture-2026\dataset\train\MS\Rust_hyper_26.tif,train,Rust,64,64,5,uint16,HWC,64x64,4096,0.039,1.0
Rust_hyper_27.tif,D:\GitHub\AI-for-Agriculture-2026\dataset\train\MS\Rust_hyper_27.tif,train,Rust,64,64,5,uint16,HWC,64x64,4096,0.039,1.0
Rust_hyper_28.tif,D:\GitHub\AI-for-Agriculture-2026\dataset\train\MS\Rust_hyper_28.tif,train,Rust,64,64,5,uint16,HWC,64x64,4096,0.039,1.0
Rust_hyper_29.tif,D:\GitHub\AI-for-Agriculture-2026\dataset\train\MS\Rust_hyper_29.tif,train,Rust,64,64,5,uint16,HWC,64x64,4096,0.039,1.0
Rust_hyper_3.tif,D:\GitHub\AI-for-Agriculture-2026\dataset\train\MS\Rust_hyper_3.tif,train,Rust,64,64,5,uint16,HWC,64x64,4096,0.039,1.0
Rust_hyper_30.tif,D:\GitHub\AI-for-Agriculture-2026\dataset\train\MS\Rust_hyper_30.tif,train,Rust,64,64,5,uint16,HWC,64x64,4096,0.039,1.0
Rust_hyper_31.tif,D:\GitHub\AI-for-Agriculture-2026\dataset\train\MS\Rust_hyper_31.tif,train,Rust,64,64,5,uint16,HWC,64x64,4096,0.039,1.0
Rust_hyper_32.tif,D:\GitHub\AI-for-Agriculture-2026\dataset\train\MS\Rust_hyper_32.tif,train,Rust,64,64,5,uint16,HWC,64x64,4096,0.039,1.0
Rust_hyper_33.tif,D:\GitHub\AI-for-Agriculture-2026\dataset\train\MS\Rust_hyper_33.tif,train,Rust,64,64,5,uint16,HWC,64x64,4096,0.039,1.0
Rust_hyper_34.tif,D:\GitHub\AI-for-Agriculture-2026\dataset\train\MS\Rust_hyper_34.tif,train,Rust,64,64,5,uint16,HWC,64x64,4096,0.039,1.0
Rust_hyper_35.tif,D:\GitHub\AI-for-Agriculture-2026\dataset\train\MS\Rust_hyper_35.tif,train,Rust,64,64,5,uint16,HWC,64x64,4096,0.039,1.0
Rust_hyper_36.tif,D:\GitHub\AI-for-Agriculture-2026\dataset\train\MS\Rust_hyper_36.tif,train,Rust,64,64,5,uint16,HWC,64x64,4096,0.039,1.0
Rust_hyper_37.tif,D:\GitHub\AI-for-Agriculture-2026\dataset\train\MS\Rust_hyper_37.tif,train,Rust,64,64,5,uint16,HWC,64x64,4096,0.039,1.0
Rust_hyper_38.tif,D:\GitHub\AI-for-Agriculture-2026\dataset\train\MS\Rust_hyper_38.tif,train,Rust,64,64,5,uint16,HWC,64x64,4096,0.039,1.0
Rust_hyper_39.tif,D:\GitHub\AI-for-Agriculture-2026\dataset\train\MS\Rust_hyper_39.tif,train,Rust,64,64,5,uint16,HWC,64x64,4096,0.039,1.0
Rust_hyper_4.tif,D:\GitHub\AI-for-Agriculture-2026\dataset\train\MS\Rust_hyper_4.tif,train,Rust,64,64,5,uint16,HWC,64x64,4096,0.039,1.0
Rust_hyper_40.tif,D:\GitHub\AI-for-Agriculture-2026\dataset\train\MS\Rust_hyper_40.tif,train,Rust,64,64,5,uint16,HWC,64x64,4096,0.039,1.0
Rust_hyper_41.tif,D:\GitHub\AI-for-Agriculture-2026\dataset\train\MS\Rust_hyper_41.tif,train,Rust,64,64,5,uint16,HWC,64x64,4096,0.039,1.0
Rust_hyper_42.tif,D:\GitHub\AI-for-Agriculture-2026\dataset\train\MS\Rust_hyper_42.tif,train,Rust,64,64,5,uint16,HWC,64x64,4096,0.039,1.0
Rust_hyper_43.tif,D:\GitHub\AI-for-Agriculture-2026\dataset\train\MS\Rust_hyper_43.tif,train,Rust,64,64,5,uint16,HWC,64x64,4096,0.039,1.0
Rust_hyper_44.tif,D:\GitHub\AI-for-Agriculture-2026\dataset\train\MS\Rust_hyper_44.tif,train,Rust,64,64,5,uint16,HWC,64x64,4096,0.039,1.0
Rust_hyper_45.tif,D:\GitHub\AI-for-Agriculture-2026\dataset\train\MS\Rust_hyper_45.tif,train,Rust,64,64,5,uint16,HWC,64x64,4096,0.039,1.0
Rust_hyper_46.tif,D:\GitHub\AI-for-Agriculture-2026\dataset\train\MS\Rust_hyper_46.tif,train,Rust,64,64,5,uint16,HWC,64x64,4096,0.039,1.0
Rust_hyper_47.tif,D:\GitHub\AI-for-Agriculture-2026\dataset\train\MS\Rust_hyper_47.tif,train,Rust,64,64,5,uint16,HWC,64x64,4096,0.039,1.0
Rust_hyper_48.tif,D:\GitHub\AI-for-Agriculture-2026\dataset\train\MS\Rust_hyper_48.tif,train,Rust,64,64,5,uint16,HWC,64x64,4096,0.039,1.0
Rust_hyper_49.tif,D:\GitHub\AI-for-Agriculture-2026\dataset\train\MS\Rust_hyper_49.tif,train,Rust,64,64,5,uint16,HWC,64x64,4096,0.039,1.0
Rust_hyper_5.tif,D:\GitHub\AI-for-Agriculture-2026\dataset\train\MS\Rust_hyper_5.tif,train,Rust,64,64,5,uint16,HWC,64x64,4096,0.039,1.0
Rust_hyper_50.tif,D:\GitHub\AI-for-Agriculture-2026\dataset\train\MS\Rust_hyper_50.tif,train,Rust,64,64,5,uint16,HWC,64x64,4096,0.039,1.0
Rust_hyper_51.tif,D:\GitHub\AI-for-Agriculture-2026\dataset\train\MS\Rust_hyper_51.tif,train,Rust,64,64,5,uint16,HWC,64x64,4096,0.039,1.0
Rust_hyper_52.tif,D:\GitHub\AI-for-Agriculture-2026\dataset\train\MS\Rust_hyper_52.tif,train,Rust,64,64,5,uint16,HWC,64x64,4096,0.039,1.0
Rust_hyper_53.tif,D:\GitHub\AI-for-Agriculture-2026\dataset\train\MS\Rust_hyper_53.tif,train,Rust,64,64,5,uint16,HWC,64x64,4096,0.039,1.0
Rust_hyper_54.tif,D:\GitHub\AI-for-Agriculture-2026\dataset\train\MS\Rust_hyper_54.tif,train,Rust,64,64,5,uint16,HWC,64x64,4096,0.039,1.0
Rust_hyper_55.tif,D:\GitHub\AI-for-Agriculture-2026\dataset\train\MS\Rust_hyper_55.tif,train,Rust,64,64,5,uint16,HWC,64x64,4096,0.039,1.0
Rust_hyper_56.tif,D:\GitHub\AI-for-Agriculture-2026\dataset\train\MS\Rust_hyper_56.tif,train,Rust,64,64,5,uint16,HWC,64x64,4096,0.039,1.0
Rust_hyper_57.tif,D:\GitHub\AI-for-Agriculture-2026\dataset\train\MS\Rust_hyper_57.tif,train,Rust,64,64,5,uint16,HWC,64x64,4096,0.039,1.0
Rust_hyper_58.tif,D:\GitHub\AI-for-Agriculture-2026\dataset\train\MS\Rust_hyper_58.tif,train,Rust,64,64,5,uint16,HWC,64x64,4096,0.039,1.0
Rust_hyper_59.tif,D:\GitHub\AI-for-Agriculture-2026\dataset\train\MS\Rust_hyper_59.tif,train,Rust,64,64,5,uint16,HWC,64x64,4096,0.039,1.0
Rust_hyper_6.tif,D:\GitHub\AI-for-Agriculture-2026\dataset\train\MS\Rust_hyper_6.tif,train,Rust,64,64,5,uint16,HWC,64x64,4096,0.039,1.0
Rust_hyper_60.tif,D:\GitHub\AI-for-Agriculture-2026\dataset\train\MS\Rust_hyper_60.tif,train,Rust,64,64,5,uint16,HWC,64x64,4096,0.039,1.0
Rust_hyper_61.tif,D:\GitHub\AI-for-Agriculture-2026\dataset\train\MS\Rust_hyper_61.tif,train,Rust,64,64,5,uint16,HWC,64x64,4096,0.039,1.0
Rust_hyper_62.tif,D:\GitHub\AI-for-Agriculture-2026\dataset\train\MS\Rust_hyper_62.tif,train,Rust,64,64,5,uint16,HWC,64x64,4096,0.039,1.0
Rust_hyper_63.tif,D:\GitHub\AI-for-Agriculture-2026\dataset\train\MS\Rust_hyper_63.tif,train,Rust,64,64,5,uint16,HWC,64x64,4096,0.039,1.0
Rust_hyper_64.tif,D:\GitHub\AI-for-Agriculture-2026\dataset\train\MS\Rust_hyper_64.tif,train,Rust,64,64,5,uint16,HWC,64x64,4096,0.039,1.0
Rust_hyper_65.tif,D:\GitHub\AI-for-Agriculture-2026\dataset\train\MS\Rust_hyper_65.tif,train,Rust,64,64,5,uint16,HWC,64x64,4096,0.039,1.0
Rust_hyper_66.tif,D:\GitHub\AI-for-Agriculture-2026\dataset\train\MS\Rust_hyper_66.tif,train,Rust,64,64,5,uint16,HWC,64x64,4096,0.039,1.0
Rust_hyper_67.tif,D:\GitHub\AI-for-Agriculture-2026\dataset\train\MS\Rust_hyper_67.tif,train,Rust,64,64,5,uint16,HWC,64x64,4096,0.039,1.0
Rust_hyper_68.tif,D:\GitHub\AI-for-Agriculture-2026\dataset\train\MS\Rust_hyper_68.tif,train,Rust,64,64,5,uint16,HWC,64x64,4096,0.039,1.0
Rust_hyper_69.tif,D:\GitHub\AI-for-Agriculture-2026\dataset\train\MS\Rust_hyper_69.tif,train,Rust,64,64,5,uint16,HWC,64x64,4096,0.039,1.0
Rust_hyper_7.tif,D:\GitHub\AI-for-Agriculture-2026\dataset\train\MS\Rust_hyper_7.tif,train,Rust,64,64,5,uint16,HWC,64x64,4096,0.039,1.0
Rust_hyper_70.tif,D:\GitHub\AI-for-Agriculture-2026\dataset\train\MS\Rust_hyper_70.tif,train,Rust,64,64,5,uint16,HWC,64x64,4096,0.039,1.0
Rust_hyper_71.tif,D:\GitHub\AI-for-Agriculture-2026\dataset\train\MS\Rust_hyper_71.tif,train,Rust,64,64,5,uint16,HWC,64x64,4096,0.039,1.0
Rust_hyper_72.tif,D:\GitHub\AI-for-Agriculture-2026\dataset\train\MS\Rust_hyper_72.tif,train,Rust,64,64,5,uint16,HWC,64x64,4096,0.039,1.0
Rust_hyper_73.tif,D:\GitHub\AI-for-Agriculture-2026\dataset\train\MS\Rust_hyper_73.tif,train,Rust,64,64,5,uint16,HWC,64x64,4096,0.039,1.0
Rust_hyper_74.tif,D:\GitHub\AI-for-Agriculture-2026\dataset\train\MS\Rust_hyper_74.tif,train,Rust,64,64,5,uint16,HWC,64x64,4096,0.039,1.0
Rust_hyper_75.tif,D:\GitHub\AI-for-Agriculture-2026\dataset\train\MS\Rust_hyper_75.tif,train,Rust,64,64,5,uint16,HWC,64x64,4096,0.039,1.0
Rust_hyper_76.tif,D:\GitHub\AI-for-Agriculture-2026\dataset\train\MS\Rust_hyper_76.tif,train,Rust,64,64,5,uint16,HWC,64x64,4096,0.039,1.0
Rust_hyper_77.tif,D:\GitHub\AI-for-Agriculture-2026\dataset\train\MS\Rust_hyper_77.tif,train,Rust,64,64,5,uint16,HWC,64x64,4096,0.039,1.0
Rust_hyper_78.tif,D:\GitHub\AI-for-Agriculture-2026\dataset\train\MS\Rust_hyper_78.tif,train,Rust,64,64,5,uint16,HWC,64x64,4096,0.039,1.0
Rust_hyper_79.tif,D:\GitHub\AI-for-Agriculture-2026\dataset\train\MS\Rust_hyper_79.tif,train,Rust,64,64,5,uint16,HWC,64x64,4096,0.039,1.0
Rust_hyper_8.tif,D:\GitHub\AI-for-Agriculture-2026\dataset\train\MS\Rust_hyper_8.tif,train,Rust,64,64,5,uint16,HWC,64x64,4096,0.039,1.0
Rust_hyper_80.tif,D:\GitHub\AI-for-Agriculture-2026\dataset\train\MS\Rust_hyper_80.tif,train,Rust,64,64,5,uint16,HWC,64x64,4096,0.039,1.0
Rust_hyper_81.tif,D:\GitHub\AI-for-Agriculture-2026\dataset\train\MS\Rust_hyper_81.tif,train,Rust,64,64,5,uint16,HWC,64x64,4096,0.039,1.0
Rust_hyper_82.tif,D:\GitHub\AI-for-Agriculture-2026\dataset\train\MS\Rust_hyper_82.tif,train,Rust,64,64,5,uint16,HWC,64x64,4096,0.039,1.0
Rust_hyper_83.tif,D:\GitHub\AI-for-Agriculture-2026\dataset\train\MS\Rust_hyper_83.tif,train,Rust,64,64,5,uint16,HWC,64x64,4096,0.039,1.0
Rust_hyper_84.tif,D:\GitHub\AI-for-Agriculture-2026\dataset\train\MS\Rust_hyper_84.tif,train,Rust,64,64,5,uint16,HWC,64x64,4096,0.039,1.0
Rust_hyper_85.tif,D:\GitHub\AI-for-Agriculture-2026\dataset\train\MS\Rust_hyper_85.tif,train,Rust,64,64,5,uint16,HWC,64x64,4096,0.039,1.0
Rust_hyper_86.tif,D:\GitHub\AI-for-Agriculture-2026\dataset\train\MS\Rust_hyper_86.tif,train,Rust,64,64,5,uint16,HWC,64x64,4096,0.039,1.0
Rust_hyper_87.tif,D:\GitHub\AI-for-Agriculture-2026\dataset\train\MS\Rust_hyper_87.tif,train,Rust,64,64,5,uint16,HWC,64x64,4096,0.039,1.0
Rust_hyper_88.tif,D:\GitHub\AI-for-Agriculture-2026\dataset\train\MS\Rust_hyper_88.tif,train,Rust,64,64,5,uint16,HWC,64x64,4096,0.039,1.0
Rust_hyper_89.tif,D:\GitHub\AI-for-Agriculture-2026\dataset\train\MS\Rust_hyper_89.tif,train,Rust,64,64,5,uint16,HWC,64x64,4096,0.039,1.0
Rust_hyper_9.tif,D:\GitHub\AI-for-Agriculture-2026\dataset\train\MS\Rust_hyper_9.tif,train,Rust,64,64,5,uint16,HWC,64x64,4096,0.039,1.0
Rust_hyper_90.tif,D:\GitHub\AI-for-Agriculture-2026\dataset\train\MS\Rust_hyper_90.tif,train,Rust,64,64,5,uint16,HWC,64x64,4096,0.039,1.0
Rust_hyper_91.tif,D:\GitHub\AI-for-Agriculture-2026\dataset\train\MS\Rust_hyper_91.tif,train,Rust,64,64,5,uint16,HWC,64x64,4096,0.039,1.0
Rust_hyper_92.tif,D:\GitHub\AI-for-Agriculture-2026\dataset\train\MS\Rust_hyper_92.tif,train,Rust,64,64,5,uint16,HWC,64x64,4096,0.039,1.0
Rust_hyper_93.tif,D:\GitHub\AI-for-Agriculture-2026\dataset\train\MS\Rust_hyper_93.tif,train,Rust,64,64,5,uint16,HWC,64x64,4096,0.039,1.0
Rust_hyper_94.tif,D:\GitHub\AI-for-Agriculture-2026\dataset\train\MS\Rust_hyper_94.tif,train,Rust,64,64,5,uint16,HWC,64x64,4096,0.039,1.0
Rust_hyper_95.tif,D:\GitHub\AI-for-Agriculture-2026\dataset\train\MS\Rust_hyper_95.tif,train,Rust,64,64,5,uint16,HWC,64x64,4096,0.039,1.0
Rust_hyper_96.tif,D:\GitHub\AI-for-Agriculture-2026\dataset\train\MS\Rust_hyper_96.tif,train,Rust,64,64,5,uint16,HWC,64x64,4096,0.039,1.0
Rust_hyper_97.tif,D:\GitHub\AI-for-Agriculture-2026\dataset\train\MS\Rust_hyper_97.tif,train,Rust,64,64,5,uint16,HWC,64x64,4096,0.039,1.0
Rust_hyper_98.tif,D:\GitHub\AI-for-Agriculture-2026\dataset\train\MS\Rust_hyper_98.tif,train,Rust,64,64,5,uint16,HWC,64x64,4096,0.039,1.0
Rust_hyper_99.tif,D:\GitHub\AI-for-Agriculture-2026\dataset\train\MS\Rust_hyper_99.tif,train,Rust,64,64,5,uint16,HWC,64x64,4096,0.039,1.0
